packetID,timeMs,pitch_est deg,motor1EncoderPulsesPerSec,motor2EncoderPulsesPerSec,dutyCycle1,dutyCycle2
14359,143766,-0.269,0.000,-0.007,0,0
14360,143776,-0.252,0.000,0.000,0,0
14361,143786,-0.233,0.000,0.000,0,0
14362,143796,-0.209,0.000,0.000,0,0
14363,143806,-0.189,0.000,0.000,0,0
14364,143816,-0.174,0.000,0.000,0,0
14365,143826,-0.147,0.000,0.000,0,0
14366,143836,-0.125,0.000,0.000,0,0
14367,143846,-0.099,0.000,0.000,0,0
14368,143856,-0.071,0.000,0.000,0,0
14369,143866,-0.048,0.000,0.000,0,0
14370,143876,-0.017,0.000,0.000,0,0
14371,143886,0.010,0.000,0.000,0,0
14372,143896,0.036,0.000,0.000,0,0
14373,143906,0.065,0.000,0.000,0,0
14374,143916,0.092,0.000,0.000,0,0
14375,143926,0.118,0.000,0.000,0,0
14376,143936,0.139,0.000,0.000,0,0
14377,143946,0.154,0.000,0.000,0,0
14378,143956,0.166,0.000,0.000,0,0
14379,143966,0.175,0.000,0.000,0,0
14380,143976,0.178,0.000,0.000,0,0
14381,143986,0.184,0.000,0.000,0,0
14382,143996,0.187,0.000,0.000,0,0
14383,144006,0.195,0.000,0.000,0,0
14384,144016,0.201,0.000,0.000,0,0
14385,144026,0.207,0.000,0.000,0,0
14386,144036,0.207,0.000,0.000,0,0
14387,144046,0.205,0.000,0.000,0,0
14388,144056,0.197,0.000,0.000,0,0
14389,144066,0.188,0.000,0.000,0,0
14390,144076,0.174,0.000,0.000,0,0
14391,144086,0.156,0.000,0.000,0,0
14392,144096,0.134,0.000,0.000,0,0
14393,144106,0.114,0.000,0.000,0,0
14394,144116,0.093,0.000,0.000,0,0
14395,144126,0.069,0.000,0.000,0,0
14396,144136,0.044,0.000,0.000,0,0
14397,144146,0.019,0.000,0.000,0,0
14398,144156,-0.000,0.000,0.000,0,0
14399,144166,-0.015,0.000,0.000,0,0
14400,144176,-0.036,0.000,0.000,0,0
14401,144186,-0.053,0.000,0.000,0,0
14402,144196,-0.064,0.000,0.000,0,0
14403,144206,-0.063,0.000,0.000,0,0
14404,144216,-0.073,0.000,0.000,0,0
14405,144226,-0.072,0.000,0.000,0,0
14406,144236,-0.075,0.000,0.000,0,0
14407,144246,-0.071,0.000,0.000,0,0
14408,144256,-0.063,0.000,0.000,0,0
14409,144266,-0.051,0.000,0.000,0,0
14410,144276,-0.036,0.000,0.000,0,0
14411,144286,-0.018,0.000,0.000,0,0
14412,144296,0.004,0.000,0.000,0,0
14413,144306,0.023,0.000,0.000,0,0
14414,144316,0.053,0.000,0.000,0,0
14415,144326,0.078,0.000,0.000,0,0
14416,144336,0.106,0.000,0.000,0,0
14417,144346,0.135,0.000,0.000,0,0
14418,144356,0.169,0.000,0.000,0,0
14419,144366,0.205,0.000,0.000,0,0
14420,144376,0.239,0.000,0.000,0,0
14421,144386,0.274,0.000,0.000,0,0
14422,144396,0.312,0.000,0.000,0,0
14423,144406,0.336,0.000,0.000,0,0
14424,144416,0.354,0.000,0.000,0,0
14425,144426,0.365,0.000,0.000,0,0
14426,144436,0.367,0.000,0.000,0,0
14427,144446,0.371,0.000,0.000,0,0
14428,144456,0.373,0.000,0.000,0,0
14429,144466,0.373,0.000,0.000,0,0
14430,144476,0.378,0.000,0.000,0,0
14431,144486,0.395,0.000,0.000,0,0
14432,144496,0.410,0.000,0.000,0,0
14433,144506,0.431,0.000,0.000,0,0
14434,144516,0.444,0.000,0.000,0,0
14435,144526,0.462,0.000,0.000,0,0
14436,144536,0.478,0.000,0.000,0,0
14437,144546,0.484,0.000,0.000,0,0
14438,144556,0.486,0.000,0.000,0,0
14439,144566,0.484,0.000,0.000,0,0
14440,144576,0.476,0.000,0.000,0,0
14441,144586,0.471,0.000,0.000,0,0
14442,144596,0.462,0.000,0.000,0,0
14443,144606,0.440,0.000,0.000,0,0
14444,144616,0.429,0.000,0.000,0,0
14445,144626,0.421,0.000,0.000,0,0
14446,144636,0.416,0.000,0.000,0,0
14447,144646,0.408,0.000,0.000,0,0
14448,144656,0.404,0.000,0.000,0,0
14449,144666,0.400,0.000,0.000,0,0
14450,144676,0.388,0.000,0.000,0,0
14451,144686,0.379,0.000,0.000,0,0
14452,144696,0.372,0.000,0.000,0,0
14453,144706,0.371,0.000,0.000,0,0
14454,144716,0.365,0.000,0.000,0,0
14455,144726,0.352,0.000,0.000,0,0
14456,144736,0.347,0.000,0.000,0,0
14457,144746,0.338,0.000,0.000,0,0
14458,144756,0.333,0.000,0.000,0,0
14459,144766,0.323,0.000,0.000,0,0
14460,144776,0.319,0.000,0.000,0,0
14461,144786,0.320,0.000,0.000,0,0
14462,144796,0.321,0.000,0.000,0,0
14463,144806,0.323,0.000,0.000,0,0
14464,144816,0.330,0.000,0.000,0,0
14465,144826,0.338,0.000,0.000,0,0
14466,144836,0.351,0.000,0.000,0,0
14467,144846,0.360,0.000,0.000,0,0
14468,144856,0.373,0.000,0.000,0,0
14469,144866,0.388,0.000,0.000,0,0
14470,144876,0.399,0.000,0.000,0,0
14471,144886,0.406,0.000,0.000,0,0
14472,144896,0.413,0.000,0.000,0,0
14473,144906,0.418,0.000,0.000,0,0
14474,144916,0.426,0.000,0.000,0,0
14475,144926,0.430,0.000,0.000,0,0
14476,144936,0.439,0.000,0.000,0,0
14477,144946,0.447,0.000,0.000,0,0
14478,144956,0.457,0.000,0.000,0,0
14479,144966,0.465,0.000,0.000,0,0
14480,144976,0.478,0.000,0.000,0,0
14481,144986,0.493,0.000,0.000,0,0
14482,144996,0.508,0.000,0.000,0,0
14483,145006,0.519,0.000,0.000,0,0
14484,145016,0.532,0.000,0.000,0,0
14485,145026,0.540,0.000,0.000,0,0
14486,145036,0.547,0.000,0.000,0,0
14487,145046,0.559,0.000,0.000,0,0
14488,145056,0.564,0.000,0.000,0,0
14489,145066,0.566,0.000,0.000,0,0
14490,145076,0.565,0.000,0.000,0,0
14491,145086,0.573,0.000,0.000,0,0
14492,145096,0.577,0.000,0.000,0,0
14493,145106,0.588,0.000,0.000,0,0
14494,145116,0.593,0.000,0.000,0,0
14495,145126,0.610,0.000,0.000,0,0
14496,145136,0.628,0.000,0.000,0,0
14497,145146,0.652,0.000,0.000,0,0
14498,145156,0.668,0.000,0.000,0,0
14499,145166,0.685,0.000,0.000,0,0
14500,145176,0.707,0.000,0.000,0,0
14501,145186,0.727,0.000,0.000,0,0
14502,145196,0.744,0.000,0.000,0,0
14503,145206,0.759,0.000,0.000,0,0
14504,145216,0.777,0.000,0.000,0,0
14505,145226,0.793,0.000,0.000,0,0
14506,145236,0.807,0.000,0.000,0,0
14507,145246,0.812,0.000,0.000,0,0
14508,145256,0.812,0.000,0.000,0,0
14509,145266,0.811,0.000,0.000,0,0
14510,145276,0.803,0.000,0.000,0,0
14511,145286,0.797,0.000,0.000,0,0
14512,145296,0.789,0.000,0.000,0,0
14513,145306,0.779,0.000,0.000,0,0
14514,145316,0.780,0.000,0.000,0,0
14515,145326,0.776,0.000,0.000,0,0
14516,145336,0.781,0.000,0.000,0,0
14517,145346,0.787,0.000,0.000,0,0
14518,145356,0.796,0.000,0.000,0,0
14519,145366,0.814,0.000,0.000,0,0
14520,145376,0.838,0.000,0.000,0,0
14521,145386,0.859,0.000,0.000,0,0
14522,145396,0.878,0.000,0.000,0,0
14523,145406,0.892,0.000,0.000,0,0
14524,145416,0.900,0.000,0.000,0,0
14525,145426,0.899,0.000,0.000,0,0
14526,145436,0.896,0.000,0.000,0,0
14527,145446,0.890,0.000,0.000,0,0
14528,145456,0.882,0.000,0.000,0,0
14529,145466,0.870,0.000,0.000,0,0
14530,145476,0.857,0.000,0.000,0,0
14531,145486,0.840,0.000,0.000,0,0
14532,145496,0.816,0.000,0.000,0,0
14533,145506,0.795,0.000,0.000,0,0
14534,145516,0.774,0.000,0.000,0,0
14535,145526,0.747,0.000,0.000,0,0
14536,145536,0.723,0.000,0.000,0,0
14537,145546,0.691,0.000,0.000,0,0
14538,145556,0.660,0.000,0.000,0,0
14539,145566,0.628,0.000,0.000,0,0
14540,145576,0.593,0.000,0.000,0,0
14541,145586,0.563,0.000,0.000,0,0
14542,145596,0.537,0.000,0.000,0,0
14543,145606,0.517,0.000,0.000,0,0
14544,145616,0.497,0.000,0.000,0,0
14545,145626,0.473,0.000,0.000,0,0
14546,145636,0.456,0.000,0.000,0,0
14547,145646,0.445,0.000,0.000,0,0
14548,145656,0.429,0.000,0.000,0,0
14549,145666,0.423,0.000,0.000,0,0
14550,145676,0.423,0.000,0.000,0,0
14551,145686,0.418,0.000,0.000,0,0
14552,145696,0.417,0.000,0.000,0,0
14553,145706,0.416,0.000,0.000,0,0
14554,145716,0.410,0.000,0.000,0,0
14555,145726,0.401,0.000,0.000,0,0
14556,145736,0.399,0.000,0.000,0,0
14557,145746,0.404,0.000,0.000,0,0
14558,145756,0.423,0.000,0.000,0,0
14559,145766,0.443,0.000,0.000,0,0
14560,145776,0.470,0.000,0.000,0,0
14561,145786,0.487,0.000,0.000,0,0
14562,145796,0.520,0.000,0.000,0,0
14563,145806,0.559,0.000,0.000,0,0
14564,145816,0.601,0.000,0.000,0,0
14565,145826,0.643,0.000,0.000,0,0
14566,145836,0.683,0.000,0.000,0,0
14567,145846,0.737,0.000,0.000,0,0
14568,145856,0.788,0.000,0.000,0,0
14569,145866,0.849,0.000,0.000,0,0
14570,145876,0.902,0.000,0.000,0,0
14571,145886,0.959,0.000,0.000,0,0
14572,145896,1.033,0.000,0.000,0,0
14573,145906,1.101,0.000,0.000,0,0
14574,145916,1.162,0.000,0.000,0,0
14575,145926,1.225,0.000,0.000,0,0
14576,145936,1.286,0.000,0.000,0,0
14577,145946,1.338,0.000,0.000,0,0
14578,145956,1.391,0.000,0.000,0,0
14579,145966,1.438,0.000,0.000,0,0
14580,145976,1.484,0.000,0.000,0,0
14581,145986,1.530,0.000,0.000,0,0
14582,145996,1.582,0.000,0.000,0,0
14583,146006,1.650,0.000,0.000,0,0
14584,146016,1.723,0.000,0.000,0,0
14585,146026,1.795,0.000,0.000,0,0
14586,146036,1.875,0.000,0.000,0,0
14587,146046,1.965,0.000,0.000,0,0
14588,146056,2.060,0.000,0.000,0,0
14589,146066,2.163,0.000,0.000,0,0
14590,146076,2.274,0.000,0.000,0,0
14591,146086,2.405,0.000,0.000,0,0
14592,146096,2.537,0.000,0.000,0,0
14593,146106,2.680,0.000,0.000,0,0
14594,146116,2.836,0.000,0.000,0,0
14595,146126,2.996,0.000,0.000,0,0
14596,146136,3.170,0.000,0.000,0,0
14597,146146,3.355,0.000,0.000,0,0
14598,146156,3.557,0.000,0.000,0,0
14599,146166,3.773,0.000,0.000,0,0
14600,146176,4.000,0.000,0.000,0,0
14601,146186,4.245,0.000,0.000,0,0
14602,146196,4.504,0.000,0.000,0,0
14603,146206,4.783,0.000,0.000,0,0
14604,146216,5.077,0.000,0.000,0,0
14605,146226,5.396,0.000,0.000,0,0
14606,146236,5.731,0.000,0.000,0,0
14607,146246,6.088,0.000,0.000,0,0
14608,146256,6.468,0.000,0.000,0,0
14609,146266,6.864,0.000,0.000,0,0
14610,146276,7.281,0.000,0.000,0,0
14611,146286,7.721,0.000,0.000,0,0
14612,146296,8.216,0.000,0.000,0,0
14613,146306,8.766,0.000,0.000,0,0
14614,146316,9.247,0.000,0.000,0,0
14615,146326,9.712,0.000,0.000,0,0
14616,146336,10.180,0.000,0.000,0,0
14617,146346,10.720,0.000,0.000,0,0
14618,146356,11.274,0.000,0.000,0,0
14619,146366,11.834,0.000,0.000,0,0
14620,146376,12.439,0.000,0.000,0,0
14621,146386,13.086,0.000,0.000,0,0
14622,146396,13.763,0.000,0.000,0,0
14623,146406,14.497,0.000,0.000,0,0
14624,146416,15.273,0.000,0.000,0,0
14625,146426,16.051,0.000,0.000,0,0
14626,146436,16.714,0.000,0.000,0,0
14627,146446,17.664,0.000,0.000,0,0
14628,146456,18.562,0.000,0.000,0,0
14629,146466,19.512,0.000,0.000,0,0
14630,146476,20.537,0.000,0.000,0,0
14631,146486,21.607,0.000,0.000,0,0
14632,146496,22.730,0.000,0.000,0,0
14633,146506,23.946,0.000,0.000,0,0
14634,146516,25.226,0.000,0.000,0,0
14635,146526,26.601,0.000,0.000,0,0
14636,146536,27.996,0.000,0.000,0,0
14637,146546,29.484,0.000,0.000,0,0
14638,146556,31.126,0.000,0.000,0,0
14639,146566,32.859,0.000,0.000,0,0
14640,146576,34.706,0.000,0.000,0,0
14641,146586,36.678,0.000,0.000,0,0
14642,146596,38.787,0.000,0.000,0,0
14643,146606,41.041,0.000,0.000,0,0
14644,146616,43.344,0.000,0.000,0,0
14645,146626,45.633,0.000,0.000,0,0
14646,146636,47.905,0.000,0.000,0,0
14647,146646,50.175,0.000,0.000,0,0
14648,146656,52.464,0.000,0.000,0,0
14649,146666,54.771,0.000,0.000,0,0
14650,146676,57.062,0.000,0.000,0,0
14651,146686,59.310,0.000,0.000,0,0
14652,146696,61.534,0.000,0.000,0,0
14653,146706,63.829,0.000,0.000,0,0
14654,146716,66.407,0.000,0.000,0,0
14655,146726,69.233,0.000,0.000,0,0
14656,146736,72.362,0.000,0.000,0,0
14657,146746,72.986,0.000,0.000,0,0
14658,146756,72.915,0.000,99.940,0,0
14659,146766,71.945,0.000,0.000,0,0
14660,146776,70.781,0.000,0.000,0,0
14661,146786,69.918,0.000,0.000,0,0
14662,146796,69.363,0.000,0.000,0,0
14663,146806,68.553,0.000,0.000,0,0
14664,146816,67.618,0.000,0.000,0,0
14665,146826,64.694,0.000,0.000,0,0
14666,146836,61.194,0.000,0.000,0,0
14667,146846,58.217,0.000,0.000,0,0
14668,146856,57.562,0.000,0.000,0,0
14669,146866,56.277,0.000,-99.930,0,0
14670,146876,57.243,0.000,0.000,0,0
14671,146886,57.784,0.000,0.000,0,0
14672,146896,58.446,0.000,0.000,0,0
14673,146906,59.310,0.000,0.000,0,0
14674,146916,60.219,0.000,0.000,0,0
14675,146926,60.892,0.000,0.000,0,0
14676,146936,61.343,0.000,0.000,0,0
14677,146946,61.614,0.000,0.000,0,0
14678,146956,61.838,0.000,0.000,0,0
14679,146966,62.019,0.000,0.000,0,0
14680,146976,62.154,0.000,0.000,0,0
14681,146986,62.316,0.000,0.000,0,0
14682,146996,62.581,0.000,0.000,0,0
14683,147006,62.878,0.000,0.000,0,0
14684,147016,63.221,0.000,0.000,0,0
14685,147026,63.592,0.000,0.000,0,0
14686,147036,63.918,0.000,0.000,0,0
14687,147046,64.218,0.000,0.000,0,0
14688,147056,64.453,0.000,0.000,0,0
14689,147066,64.652,0.000,0.000,0,0
14690,147076,64.853,0.000,0.000,0,0
14691,147086,65.076,0.000,0.000,0,0
14692,147096,65.334,0.000,0.000,0,0
14693,147106,65.596,0.000,0.000,0,0
14694,147116,65.828,0.000,0.000,0,0
14695,147126,66.055,0.000,0.000,0,0
14696,147136,66.299,0.000,0.000,0,0
14697,147146,66.522,0.000,0.000,0,0
14698,147156,66.726,0.000,0.000,0,0
14699,147166,66.939,0.000,0.000,0,0
14700,147176,67.157,0.000,0.000,0,0
14701,147186,67.391,0.000,0.000,0,0
14702,147196,67.589,0.000,0.000,0,0
14703,147206,67.770,0.000,0.000,0,0
14704,147216,67.934,0.000,0.000,0,0
14705,147226,68.110,0.000,0.000,0,0
14706,147236,68.293,0.000,0.000,0,0
14707,147246,68.477,0.000,0.000,0,0
14708,147256,68.645,0.000,0.000,0,0
14709,147266,68.799,0.000,0.000,0,0
14710,147276,68.953,0.000,0.000,0,0
14711,147286,69.111,0.000,0.000,0,0
14712,147296,69.290,0.000,0.000,0,0
14713,147306,69.459,0.000,0.000,0,0
14714,147316,69.612,0.000,0.000,0,0
14715,147326,69.764,0.000,0.000,0,0
14716,147336,69.913,0.000,0.000,0,0
14717,147346,70.062,0.000,0.000,0,0
14718,147356,70.209,0.000,0.000,0,0
14719,147366,70.345,0.000,0.000,0,0
14720,147376,70.484,0.000,0.000,0,0
14721,147386,70.615,0.000,0.000,0,0
14722,147396,70.738,0.000,0.000,0,0
14723,147406,70.868,0.000,0.000,0,0
14724,147416,70.981,0.000,0.000,0,0
14725,147426,71.094,0.000,0.000,0,0
14726,147436,71.221,0.000,0.000,0,0
14727,147446,71.344,0.000,0.000,0,0
14728,147456,71.453,0.000,0.000,0,0
14729,147466,71.547,0.000,0.000,0,0
14730,147476,71.658,0.000,0.000,0,0
14731,147486,71.768,0.000,0.000,0,0
14732,147496,71.882,0.000,0.000,0,0
14733,147506,71.995,0.000,0.000,0,0
14734,147516,72.092,0.000,0.000,0,0
14735,147526,72.189,0.000,0.000,0,0
14736,147536,72.293,0.000,0.000,0,0
14737,147546,72.401,0.000,0.000,0,0
14738,147556,72.495,0.000,0.000,0,0
14739,147566,72.598,0.000,0.000,0,0
14740,147576,72.688,0.000,0.000,0,0
14741,147586,72.776,0.000,0.000,0,0
14742,147596,72.870,0.000,0.000,0,0
14743,147606,72.950,0.000,0.000,0,0
14744,147616,73.032,0.000,0.000,0,0
14745,147626,73.115,0.000,0.000,0,0
14746,147636,73.193,0.000,0.000,0,0
14747,147646,73.271,0.000,0.000,0,0
14748,147656,73.349,0.000,0.000,0,0
14749,147666,73.411,0.000,0.000,0,0
14750,147676,73.485,0.000,0.000,0,0
14751,147686,73.548,0.000,0.000,0,0
14752,147696,73.618,0.000,0.000,0,0
14753,147706,73.697,0.000,0.000,0,0
14754,147716,73.762,0.000,0.000,0,0
14755,147726,73.830,0.000,0.000,0,0
14756,147736,73.907,0.000,0.000,0,0
14757,147746,73.986,0.000,0.000,0,0
14758,147756,74.056,0.000,0.000,0,0
14759,147766,74.133,0.000,0.000,0,0
14760,147776,74.200,0.000,0.000,0,0
14761,147786,74.250,0.000,0.000,0,0
14762,147796,74.307,0.000,0.000,0,0
14763,147806,74.357,0.000,0.000,0,0
14764,147816,74.406,0.000,0.000,0,0
14765,147826,74.456,0.000,0.000,0,0
14766,147836,74.506,0.000,0.000,0,0
14767,147846,74.567,0.000,0.000,0,0
14768,147856,74.625,0.000,0.000,0,0
14769,147866,74.682,0.000,0.000,0,0
14770,147876,74.722,0.000,0.000,0,0
14771,147886,74.771,0.000,0.000,0,0
14772,147896,74.831,0.000,0.000,0,0
14773,147906,74.893,0.000,0.000,0,0
14774,147916,74.946,0.000,0.000,0,0
14775,147926,74.995,0.000,0.000,0,0
14776,147936,75.040,0.000,0.000,0,0
14777,147946,75.090,0.000,0.000,0,0
14778,147956,75.135,0.000,0.000,0,0
14779,147966,75.178,0.000,0.000,0,0
14780,147976,75.221,0.000,0.000,0,0
14781,147986,75.257,0.000,0.000,0,0
14782,147996,75.278,0.000,0.000,0,0
14783,148006,75.298,0.000,0.000,0,0
14784,148016,75.328,0.000,0.000,0,0
14785,148026,75.361,0.000,0.000,0,0
14786,148036,75.387,0.000,0.000,0,0
14787,148046,75.423,0.000,0.000,0,0
14788,148056,75.466,0.000,0.000,0,0
14789,148066,75.485,0.000,0.000,0,0
14790,148076,75.525,0.000,0.000,0,0
14791,148086,75.562,0.000,0.000,0,0
14792,148096,75.608,0.000,0.000,0,0
14793,148106,75.655,0.000,0.000,0,0
14794,148116,75.690,0.000,0.000,0,0
14795,148126,75.727,0.000,0.000,0,0
14796,148136,75.755,0.000,0.000,0,0
14797,148146,75.787,0.000,0.000,0,0
14798,148156,75.815,0.000,0.000,0,0
14799,148166,75.846,0.000,0.000,0,0
14800,148176,75.863,0.000,0.000,0,0
14801,148186,75.886,0.000,0.000,0,0
14802,148196,75.909,0.000,0.000,0,0
14803,148206,75.929,0.000,0.000,0,0
14804,148216,75.935,0.000,0.000,0,0
14805,148226,75.961,0.000,0.000,0,0
14806,148236,75.989,0.000,0.000,0,0
14807,148246,76.015,0.000,0.000,0,0
14808,148256,76.043,0.000,0.000,0,0
14809,148266,76.068,0.000,0.000,0,0
14810,148276,76.081,0.000,0.000,0,0
14811,148286,76.105,0.000,0.000,0,0
14812,148296,76.130,0.000,0.000,0,0
14813,148306,76.149,0.000,0.000,0,0
14814,148316,76.163,0.000,0.000,0,0
14815,148326,76.196,0.000,0.000,0,0
14816,148336,76.216,0.000,0.000,0,0
14817,148346,76.228,0.000,0.000,0,0
14818,148356,76.242,0.000,0.000,0,0
14819,148366,76.260,0.000,0.000,0,0
14820,148376,76.275,0.000,0.000,0,0
14821,148386,76.278,0.000,0.000,0,0
14822,148396,76.292,0.000,0.000,0,0
14823,148406,76.313,0.000,0.000,0,0
14824,148416,76.335,0.000,0.000,0,0
14825,148426,76.351,0.000,0.000,0,0
14826,148436,76.367,0.000,0.000,0,0
14827,148446,76.372,0.000,0.000,0,0
14828,148456,76.388,0.000,0.000,0,0
14829,148466,76.403,0.000,0.000,0,0
14830,148476,76.414,0.000,0.000,0,0
14831,148486,76.429,0.000,0.000,0,0
14832,148496,76.450,0.000,0.000,0,0
14833,148506,76.457,0.000,0.000,0,0
14834,148516,76.488,0.000,0.000,0,0
14835,148526,76.506,0.000,0.000,0,0
14836,148536,76.519,0.000,0.000,0,0
14837,148546,76.534,0.000,0.000,0,0
14838,148556,76.550,0.000,0.000,0,0
14839,148566,76.564,0.000,0.000,0,0
14840,148576,76.574,0.000,0.000,0,0
14841,148586,76.583,0.000,0.000,0,0
14842,148596,76.590,0.000,0.000,0,0
14843,148606,76.609,0.000,0.000,0,0
14844,148616,76.629,0.000,0.000,0,0
14845,148626,76.637,0.000,0.000,0,0
14846,148636,76.651,0.000,0.000,0,0
14847,148646,76.660,0.000,0.000,0,0
14848,148656,76.671,0.000,0.000,0,0
14849,148666,76.677,0.000,0.000,0,0
14850,148676,76.685,0.000,0.000,0,0
14851,148686,76.702,0.000,0.000,0,0
14852,148696,76.706,0.000,0.000,0,0
14853,148706,76.710,0.000,0.000,0,0
14854,148716,76.725,0.000,0.000,0,0
14855,148726,76.736,0.000,0.000,0,0
14856,148736,76.742,0.000,0.000,0,0
14857,148746,76.751,0.000,0.000,0,0
14858,148756,76.769,0.000,0.000,0,0
14859,148766,76.779,0.000,0.000,0,0
14860,148776,76.795,0.000,0.000,0,0
14861,148786,76.795,0.000,0.000,0,0
14862,148796,76.816,0.000,0.000,0,0
14863,148806,76.828,0.000,0.000,0,0
14864,148816,76.835,0.000,0.000,0,0
14865,148826,76.830,0.000,0.000,0,0
14866,148836,76.829,0.000,0.000,0,0
14867,148846,76.826,0.000,0.000,0,0
14868,148856,76.824,0.000,0.000,0,0
14869,148866,76.790,0.000,0.000,0,0
14870,148876,76.751,0.000,0.000,0,0
14871,148886,76.696,0.000,0.000,0,0
14872,148896,76.629,0.000,0.000,0,0
14873,148906,76.564,0.000,0.000,0,0
14874,148916,76.504,0.000,0.000,0,0
14875,148926,76.443,0.000,0.000,0,0
14876,148936,76.377,0.000,0.000,0,0
14877,148946,76.314,0.000,0.000,0,0
14878,148956,76.217,0.000,0.000,0,0
14879,148966,76.106,0.000,0.000,0,0
14880,148976,75.967,0.000,0.000,0,0
14881,148986,75.816,0.000,0.000,0,0
14882,148996,75.678,0.000,0.000,0,0
14883,149006,75.506,0.000,0.000,0,0
14884,149016,75.315,0.000,0.000,0,0
14885,149026,75.127,0.000,0.000,0,0
14886,149036,74.930,0.000,0.000,0,0
14887,149046,74.726,0.000,0.000,0,0
14888,149056,74.503,0.000,0.000,0,0
14889,149066,74.269,0.000,0.000,0,0
14890,149076,74.034,0.000,0.000,0,0
14891,149086,73.825,0.000,0.000,0,0
14892,149096,73.622,0.000,0.000,0,0
14893,149106,73.389,0.000,0.000,0,0
14894,149116,73.103,0.000,0.000,0,0
14895,149126,72.771,0.000,0.000,0,0
14896,149136,72.378,0.000,0.000,0,0
14897,149146,71.948,0.000,0.000,0,0
14898,149156,71.543,0.000,0.000,0,0
14899,149166,71.150,0.000,0.000,0,0
14900,149176,70.730,0.000,0.000,0,0
14901,149186,70.288,0.000,0.000,0,0
14902,149196,69.784,0.000,0.000,0,0
14903,149206,69.245,0.000,0.000,0,0
14904,149216,68.672,0.000,0.000,0,0
14905,149226,68.061,0.000,0.000,0,0
14906,149236,67.448,0.000,0.000,0,0
14907,149246,66.827,0.000,0.000,0,0
14908,149256,66.203,0.000,0.000,0,0
14909,149266,65.575,0.000,0.000,0,0
14910,149276,64.965,0.000,0.000,0,0
14911,149286,64.337,0.000,0.000,0,0
14912,149296,63.698,0.000,0.000,0,0
14913,149306,63.036,0.000,0.000,0,0
14914,149316,62.349,0.000,0.000,0,0
14915,149326,61.627,0.000,0.000,0,0
14916,149336,60.894,0.000,0.000,0,0
14917,149346,60.127,0.000,0.000,0,0
14918,149356,59.363,0.000,0.000,0,0
14919,149366,58.577,0.000,0.000,0,0
14920,149376,57.799,0.000,0.000,0,0
14921,149386,57.024,0.000,0.000,0,0
14922,149396,56.249,0.000,0.000,0,0
14923,149406,55.459,0.000,0.000,0,0
14924,149416,54.648,0.000,0.000,0,0
14925,149426,53.825,0.000,0.000,0,0
14926,149436,52.990,0.000,0.000,0,0
14927,149446,52.163,0.000,0.000,0,0
14928,149456,51.338,0.000,0.000,0,0
14929,149466,50.495,0.000,0.000,0,0
14930,149476,49.671,0.000,0.000,0,0
14931,149486,48.860,0.000,0.000,0,0
14932,149496,48.058,0.000,0.000,0,0
14933,149506,47.269,0.000,0.000,0,0
14934,149516,46.316,0.000,0.000,0,0
14935,149526,45.421,0.000,0.000,0,0
14936,149536,44.514,0.000,0.000,0,0
14937,149546,43.678,0.000,0.000,0,0
14938,149556,42.853,0.000,0.000,0,0
14939,149566,42.035,0.000,0.000,0,0
14940,149576,41.224,0.000,0.000,0,0
14941,149586,40.393,0.000,0.000,0,0
14942,149596,39.575,0.000,0.000,0,0
14943,149606,38.760,0.000,0.000,0,0
14944,149616,37.969,0.000,0.000,0,0
14945,149626,37.158,0.000,0.000,0,0
14946,149636,36.332,0.000,0.000,0,0
14947,149646,35.498,0.000,0.000,0,0
14948,149656,34.648,0.000,0.000,0,0
14949,149666,33.808,0.000,0.000,0,0
14950,149676,32.998,0.000,0.000,0,0
14951,149686,32.217,0.000,0.000,0,0
14952,149696,31.453,0.000,0.000,0,0
14953,149706,30.705,0.000,0.000,0,0
14954,149716,29.952,0.000,0.000,0,0
14955,149726,29.173,0.000,0.000,0,0
14956,149736,28.432,0.000,0.000,0,0
14957,149746,27.713,0.000,0.000,0,0
14958,149756,27.017,0.000,0.000,0,0
14959,149766,26.342,0.000,0.000,0,0
14960,149776,25.623,0.000,0.000,0,0
14961,149786,24.958,0.000,0.000,0,0
14962,149796,24.325,0.000,0.000,0,0
14963,149806,23.711,0.000,0.000,0,0
14964,149816,23.128,0.000,0.000,0,0
14965,149826,22.572,0.000,0.000,0,0
14966,149836,22.038,0.000,0.000,0,0
14967,149846,21.521,0.000,0.000,0,0
14968,149856,21.003,0.000,0.000,0,0
14969,149866,20.500,0.000,0.000,0,0
14970,149876,19.992,0.000,0.000,0,0
14971,149886,19.487,0.000,0.000,0,0
14972,149896,18.984,0.000,0.000,0,0
14973,149906,18.481,0.000,0.000,0,0
14974,149916,17.992,0.000,0.000,0,0
14975,149926,17.510,0.000,0.000,0,0
14976,149936,17.043,0.000,0.000,0,0
14977,149946,16.591,0.000,0.000,0,0
14978,149956,16.140,0.000,0.000,0,0
14979,149966,15.698,0.000,0.000,0,0
14980,149976,15.267,0.000,0.000,0,0
14981,149986,14.842,0.000,0.000,0,0
14982,149996,14.430,0.000,0.000,0,0
14983,150006,14.034,0.000,0.000,0,0
14984,150016,13.635,0.000,0.000,0,0
14985,150026,13.232,0.000,0.000,0,0
14986,150036,12.821,0.000,0.000,0,0
14987,150046,12.400,0.000,0.000,0,0
14988,150056,11.976,0.000,0.000,0,0
14989,150066,11.543,0.000,0.000,0,0
14990,150076,11.110,0.000,0.000,0,0
14991,150086,10.671,0.000,0.000,0,0
14992,150096,10.234,0.000,0.000,0,0
14993,150106,9.798,0.000,0.000,0,0
14994,150116,9.370,0.000,0.000,0,0
14995,150126,8.956,0.000,0.000,0,0
14996,150136,8.522,0.000,0.000,0,0
14997,150146,8.160,0.000,0.000,0,0
14998,150156,7.808,0.000,0.000,0,0
14999,150166,7.458,0.000,0.000,0,0
15000,150176,7.161,0.000,0.000,0,0
15001,150186,6.849,0.000,0.000,0,0
15002,150196,6.557,0.000,0.000,0,0
15003,150206,6.282,0.000,0.000,0,0
15004,150216,6.010,0.000,0.000,0,0
15005,150226,5.749,0.000,0.000,0,0
15006,150236,5.491,0.000,0.000,0,0
15007,150246,5.235,0.000,0.000,0,0
15008,150256,4.995,0.000,0.000,0,0
15009,150266,4.754,0.000,0.000,0,0
15010,150276,4.530,0.000,0.000,0,0
15011,150286,4.305,0.000,0.000,0,0
15012,150296,4.077,0.000,0.000,0,0
15013,150306,3.852,0.000,0.000,0,0
15014,150316,3.625,0.000,0.000,0,0
15015,150326,3.389,0.000,0.000,0,0
15016,150336,3.154,0.000,0.000,0,0
15017,150346,2.914,0.000,0.000,0,0
15018,150356,2.671,0.000,0.000,0,0
15019,150366,2.432,0.000,0.000,0,0
15020,150376,2.212,0.000,0.000,0,0
15021,150386,2.002,0.000,0.000,0,0
15022,150396,1.787,0.000,0.000,0,0
15023,150406,1.579,0.000,0.000,0,0
15024,150416,1.373,0.000,0.000,0,0
15025,150426,1.155,0.000,0.000,0,0
15026,150436,0.927,0.000,0.000,0,0
15027,150446,0.682,0.000,0.000,0,0
15028,150456,0.423,0.000,0.000,0,0
15029,150466,0.164,0.000,0.000,0,0
15030,150476,-0.078,0.000,0.000,0,0
15031,150486,-0.248,0.000,0.000,0,0
15032,150496,-0.520,0.000,0.000,0,0
15033,150506,-0.702,0.000,0.000,0,0
15034,150516,-0.932,0.000,0.000,0,0
15035,150526,-1.128,0.000,0.000,0,0
15036,150536,-1.339,0.000,0.000,0,0
15037,150546,-1.533,0.000,0.000,0,0
15038,150556,-1.716,0.000,0.000,0,0
15039,150566,-1.885,0.000,0.000,0,0
15040,150576,-2.045,0.000,0.000,0,0
15041,150586,-2.191,0.000,0.000,0,0
15042,150596,-2.324,0.000,0.000,0,0
15043,150606,-2.440,0.000,0.000,0,0
15044,150616,-2.552,0.000,0.000,0,0
15045,150626,-2.651,0.000,0.000,0,0
15046,150636,-2.754,0.000,0.000,0,0
15047,150646,-2.851,0.000,0.000,0,0
15048,150656,-2.943,0.000,0.000,0,0
15049,150666,-3.038,0.000,0.000,0,0
15050,150676,-3.128,0.000,0.000,0,0
15051,150686,-3.205,0.000,0.000,0,0
15052,150696,-3.273,0.000,0.000,0,0
15053,150706,-3.337,0.000,0.000,0,0
15054,150716,-3.390,0.000,0.000,0,0
15055,150726,-3.425,0.000,0.000,0,0
15056,150736,-3.453,0.000,0.000,0,0
15057,150746,-3.470,0.000,0.000,0,0
15058,150756,-3.470,0.000,0.000,0,0
15059,150766,-3.457,0.000,0.000,0,0
15060,150776,-3.432,0.000,0.000,0,0
15061,150786,-3.400,0.000,0.000,0,0
15062,150796,-3.369,0.000,0.000,0,0
15063,150806,-3.324,0.000,0.000,0,0
15064,150816,-3.282,0.000,0.000,0,0
15065,150826,-3.241,0.000,0.000,0,0
15066,150836,-3.203,0.000,0.000,0,0
15067,150846,-3.158,0.000,0.000,0,0
15068,150856,-3.110,0.000,0.000,0,0
15069,150866,-3.062,0.000,0.000,0,0
15070,150876,-3.005,0.000,0.000,0,0
15071,150886,-2.945,0.000,0.000,0,0
15072,150896,-2.881,0.000,0.000,0,0
15073,150906,-2.818,0.000,0.000,0,0
15074,150916,-2.751,0.000,0.000,0,0
15075,150926,-2.690,0.000,0.000,0,0
15076,150936,-2.637,0.000,0.000,0,0
15077,150946,-2.606,0.000,0.000,0,0
15078,150956,-2.578,0.000,0.000,0,0
15079,150966,-2.560,0.000,0.000,0,0
15080,150976,-2.554,0.000,0.000,0,0
15081,150986,-2.540,0.000,0.000,0,0
15082,150996,-2.524,0.000,0.000,0,0
15083,151006,-2.508,0.000,0.000,0,0
15084,151016,-2.491,0.000,0.000,0,0
15085,151026,-2.463,0.000,0.000,0,0
15086,151036,-2.437,0.000,0.000,0,0
15087,151046,-2.411,0.000,0.000,0,0
15088,151056,-2.387,0.000,0.000,0,0
15089,151066,-2.369,0.000,0.000,0,0
15090,151076,-2.354,0.000,0.000,0,0
15091,151086,-2.332,0.000,0.000,0,0
15092,151096,-2.316,0.000,0.000,0,0
15093,151106,-2.293,0.000,0.000,0,0
15094,151116,-2.277,0.000,0.000,0,0
15095,151126,-2.254,0.000,0.000,0,0
15096,151136,-2.224,0.000,0.000,0,0
15097,151146,-2.201,0.000,0.000,0,0
15098,151156,-2.182,0.000,0.000,0,0
15099,151166,-2.166,0.000,0.000,0,0
15100,151176,-2.153,0.000,0.000,0,0
15101,151186,-2.141,0.000,0.000,0,0
15102,151196,-2.119,0.000,0.000,0,0
15103,151206,-2.104,0.000,0.000,0,0
15104,151216,-2.086,0.000,0.000,0,0
15105,151226,-2.064,0.000,0.000,0,0
15106,151236,-2.056,0.000,0.000,0,0
15107,151246,-2.050,0.000,0.000,0,0
15108,151256,-2.043,0.000,0.000,0,0
15109,151266,-2.029,0.000,0.000,0,0
15110,151276,-2.017,0.000,0.000,0,0
15111,151286,-2.010,0.000,0.000,0,0
15112,151296,-1.997,0.000,0.000,0,0
15113,151306,-1.985,0.000,0.000,0,0
15114,151316,-1.971,0.000,0.000,0,0
15115,151326,-1.959,0.000,0.000,0,0
15116,151336,-1.942,0.000,0.000,0,0
15117,151346,-1.923,0.000,0.000,0,0
15118,151356,-1.908,0.000,0.000,0,0
15119,151366,-1.882,0.000,0.000,0,0
15120,151376,-1.863,0.000,0.000,0,0
15121,151386,-1.838,0.000,0.000,0,0
15122,151396,-1.810,0.000,0.000,0,0
15123,151406,-1.782,0.000,0.000,0,0
15124,151416,-1.755,0.000,0.000,0,0
15125,151426,-1.730,0.000,0.000,0,0
15126,151436,-1.700,0.000,0.000,0,0
15127,151446,-1.671,0.000,0.000,0,0
15128,151456,-1.647,0.000,0.000,0,0
15129,151466,-1.624,0.000,0.000,0,0
15130,151476,-1.596,0.000,0.000,0,0
15131,151486,-1.569,0.000,0.000,0,0
15132,151496,-1.549,0.000,0.000,0,0
15133,151506,-1.528,0.000,0.000,0,0
15134,151516,-1.511,0.000,0.000,0,0
15135,151526,-1.495,0.000,0.000,0,0
15136,151536,-1.480,0.000,0.000,0,0
15137,151546,-1.466,0.000,0.000,0,0
15138,151556,-1.463,0.000,0.000,0,0
15139,151566,-1.454,0.000,0.000,0,0
15140,151576,-1.441,0.000,0.000,0,0
15141,151586,-1.422,0.000,0.000,0,0
15142,151596,-1.407,0.000,0.000,0,0
15143,151606,-1.395,0.000,0.000,0,0
15144,151616,-1.381,0.000,0.000,0,0
15145,151626,-1.371,0.000,0.000,0,0
15146,151636,-1.364,0.000,0.000,0,0
15147,151646,-1.354,0.000,0.000,0,0
15148,151656,-1.346,0.000,0.000,0,0
15149,151666,-1.340,0.000,0.000,0,0
15150,151676,-1.336,0.000,0.000,0,0
15151,151686,-1.334,0.000,0.000,0,0
15152,151696,-1.329,0.000,0.000,0,0
15153,151706,-1.327,0.000,0.000,0,0
15154,151716,-1.331,0.000,0.000,0,0
15155,151726,-1.331,0.000,0.000,0,0
15156,151736,-1.337,0.000,0.000,0,0
15157,151746,-1.345,0.000,0.000,0,0
15158,151756,-1.352,0.000,0.000,0,0
15159,151766,-1.351,0.000,0.000,0,0
15160,151776,-1.366,0.000,0.000,0,0
15161,151786,-1.375,0.000,0.000,0,0
15162,151796,-1.392,0.000,0.000,0,0
15163,151806,-1.403,0.000,0.000,0,0
15164,151816,-1.414,0.000,0.000,0,0
15165,151826,-1.415,0.000,0.000,0,0
15166,151836,-1.414,0.000,0.000,0,0
15167,151846,-1.409,0.000,0.000,0,0
15168,151856,-1.399,0.000,0.000,0,0
15169,151866,-1.387,0.000,0.000,0,0
15170,151876,-1.371,0.000,0.000,0,0
15171,151886,-1.366,0.000,0.000,0,0
15172,151896,-1.362,0.000,0.000,0,0
15173,151906,-1.364,0.000,0.000,0,0
15174,151916,-1.365,0.000,0.000,0,0
15175,151926,-1.371,0.000,0.000,0,0
15176,151936,-1.375,0.000,0.000,0,0
15177,151946,-1.390,0.000,0.000,0,0
15178,151956,-1.392,0.000,0.000,0,0
15179,151966,-1.404,0.000,0.000,0,0
15180,151976,-1.412,0.000,0.000,0,0
15181,151986,-1.424,0.000,0.000,0,0
15182,151996,-1.441,0.000,0.000,0,0
15183,152006,-1.456,0.000,0.000,0,0
15184,152016,-1.470,0.000,0.000,0,0
15185,152026,-1.493,0.000,0.000,0,0
15186,152036,-1.511,0.000,0.000,0,0
15187,152046,-1.538,0.000,0.000,0,0
15188,152056,-1.562,0.000,0.000,0,0
15189,152066,-1.583,0.000,0.000,0,0
15190,152076,-1.607,0.000,0.000,0,0
15191,152086,-1.626,0.000,0.000,0,0
15192,152096,-1.646,0.000,0.000,0,0
15193,152106,-1.666,0.000,0.000,0,0
15194,152116,-1.691,0.000,0.000,0,0
15195,152126,-1.713,0.000,0.000,0,0
15196,152136,-1.735,0.000,0.000,0,0
15197,152146,-1.754,0.000,0.000,0,0
15198,152156,-1.761,0.000,0.000,0,0
15199,152166,-1.774,0.000,0.000,0,0
15200,152176,-1.780,0.000,0.000,0,0
15201,152186,-1.784,0.000,0.000,0,0
15202,152196,-1.782,0.000,0.000,0,0
15203,152206,-1.778,0.000,0.000,0,0
15204,152216,-1.773,0.000,0.000,0,0
15205,152226,-1.765,0.000,0.000,0,0
15206,152236,-1.761,0.000,0.000,0,0
15207,152246,-1.755,0.000,0.000,0,0
15208,152256,-1.749,0.000,0.000,0,0
15209,152266,-1.748,0.000,0.000,0,0
15210,152276,-1.741,0.000,0.000,0,0
15211,152286,-1.739,0.000,0.000,0,0
15212,152296,-1.735,0.000,0.000,0,0
15213,152306,-1.737,0.000,0.000,0,0
15214,152316,-1.733,0.000,0.000,0,0
15215,152326,-1.730,0.000,0.000,0,0
15216,152336,-1.730,0.000,0.000,0,0
15217,152346,-1.723,0.000,0.000,0,0
15218,152356,-1.721,0.000,0.000,0,0
15219,152366,-1.724,0.000,0.000,0,0
15220,152376,-1.723,0.000,0.000,0,0
15221,152386,-1.730,0.000,0.000,0,0
15222,152396,-1.732,0.000,0.000,0,0
15223,152406,-1.731,0.000,0.000,0,0
15224,152416,-1.728,0.000,0.000,0,0
15225,152426,-1.728,0.000,0.000,0,0
15226,152436,-1.722,0.000,0.000,0,0
15227,152446,-1.718,0.000,0.000,0,0
15228,152456,-1.714,0.000,0.000,0,0
15229,152466,-1.707,0.000,0.000,0,0
15230,152476,-1.696,0.000,0.000,0,0
15231,152486,-1.694,0.000,0.000,0,0
15232,152496,-1.689,0.000,0.000,0,0
15233,152506,-1.688,0.000,0.000,0,0
15234,152516,-1.685,0.000,0.000,0,0
15235,152526,-1.677,0.000,0.000,0,0
15236,152536,-1.671,0.000,0.000,0,0
15237,152546,-1.665,0.000,0.000,0,0
15238,152556,-1.654,0.000,0.000,0,0
15239,152566,-1.653,0.000,0.000,0,0
15240,152576,-1.649,0.000,0.000,0,0
15241,152586,-1.645,0.000,0.000,0,0
15242,152596,-1.641,0.000,0.000,0,0
15243,152606,-1.639,0.000,0.000,0,0
15244,152616,-1.628,0.000,0.000,0,0
15245,152626,-1.620,0.000,0.000,0,0
15246,152636,-1.617,0.000,0.000,0,0
15247,152646,-1.613,0.000,0.000,0,0
15248,152656,-1.609,0.000,0.000,0,0
15249,152666,-1.607,0.000,0.000,0,0
15250,152676,-1.613,0.000,0.000,0,0
15251,152686,-1.619,0.000,0.000,0,0
15252,152696,-1.628,0.000,0.000,0,0
15253,152706,-1.641,0.000,0.000,0,0
15254,152716,-1.648,0.000,0.000,0,0
15255,152726,-1.662,0.000,0.000,0,0
15256,152736,-1.671,0.000,0.000,0,0
15257,152746,-1.679,0.000,0.000,0,0
15258,152756,-1.680,0.000,0.000,0,0
15259,152766,-1.683,0.000,0.000,0,0
15260,152776,-1.685,0.000,0.000,0,0
15261,152786,-1.682,0.000,0.000,0,0
15262,152796,-1.670,0.000,0.000,0,0
15263,152806,-1.652,0.000,0.000,0,0
15264,152816,-1.627,0.000,0.000,0,0
15265,152826,-1.608,0.000,0.000,0,0
15266,152836,-1.591,0.000,0.000,0,0
15267,152846,-1.576,0.000,0.000,0,0
15268,152856,-1.553,0.000,0.000,0,0
15269,152866,-1.538,0.000,0.000,0,0
15270,152876,-1.536,0.000,0.000,0,0
15271,152886,-1.526,0.000,0.000,0,0
15272,152896,-1.508,0.000,0.000,0,0
15273,152906,-1.498,0.000,0.000,0,0
15274,152916,-1.494,0.000,0.000,0,0
15275,152926,-1.478,0.000,0.000,0,0
15276,152936,-1.460,0.000,0.000,0,0
15277,152946,-1.438,0.000,0.000,0,0
15278,152956,-1.415,0.000,0.000,0,0
15279,152966,-1.394,0.000,0.000,0,0
15280,152976,-1.376,0.000,0.000,0,0
15281,152986,-1.361,0.000,0.000,0,0
15282,152996,-1.357,0.000,0.000,0,0
15283,153006,-1.356,0.000,0.000,0,0
15284,153016,-1.362,0.000,0.000,0,0
15285,153026,-1.373,0.000,0.000,0,0
15286,153036,-1.385,0.000,0.000,0,0
15287,153046,-1.402,0.000,0.000,0,0
15288,153056,-1.412,0.000,0.000,0,0
15289,153066,-1.427,0.000,0.000,0,0
15290,153076,-1.438,0.000,0.000,0,0
15291,153086,-1.440,0.000,0.000,0,0
15292,153096,-1.443,0.000,0.000,0,0
15293,153106,-1.445,0.000,0.000,0,0
15294,153116,-1.439,0.000,0.000,0,0
15295,153126,-1.435,0.000,0.000,0,0
15296,153136,-1.428,0.000,0.000,0,0
15297,153146,-1.416,0.000,0.000,0,0
15298,153156,-1.408,0.000,0.000,0,0
15299,153166,-1.403,0.000,0.000,0,0
15300,153176,-1.398,0.000,0.000,0,0
15301,153186,-1.389,0.000,0.000,0,0
15302,153196,-1.390,0.000,0.000,0,0
15303,153206,-1.380,0.000,0.000,0,0
15304,153216,-1.379,0.000,0.000,0,0
15305,153226,-1.384,0.000,0.000,0,0
15306,153236,-1.377,0.000,0.000,0,0
15307,153246,-1.376,0.000,0.000,0,0
15308,153256,-1.373,0.000,0.000,0,0
15309,153266,-1.368,0.000,0.000,0,0
15310,153276,-1.361,0.000,0.000,0,0
15311,153286,-1.352,0.000,0.000,0,0
15312,153296,-1.336,0.000,0.000,0,0
15313,153306,-1.321,0.000,0.000,0,0
15314,153316,-1.304,0.000,0.000,0,0
15315,153326,-1.279,0.000,0.000,0,0
15316,153336,-1.256,0.000,0.000,0,0
15317,153346,-1.224,0.000,0.000,0,0
15318,153356,-1.192,0.000,0.000,0,0
15319,153366,-1.163,0.000,0.000,0,0
15320,153376,-1.135,0.000,0.000,0,0
15321,153386,-1.112,0.000,0.000,0,0
15322,153396,-1.091,0.000,0.000,0,0
15323,153406,-1.068,0.000,0.000,0,0
15324,153416,-1.049,0.000,0.000,0,0
15325,153426,-1.035,0.000,0.000,0,0
15326,153436,-1.030,0.000,0.000,0,0
15327,153446,-1.028,0.000,0.000,0,0
15328,153456,-1.025,0.000,0.000,0,0
15329,153466,-1.017,0.000,0.000,0,0
15330,153476,-1.013,0.000,0.000,0,0
15331,153486,-1.008,0.000,0.000,0,0
15332,153496,-1.003,0.000,0.000,0,0
15333,153506,-0.997,0.000,0.000,0,0
15334,153516,-0.991,0.000,0.000,0,0
15335,153526,-0.980,0.000,0.000,0,0
15336,153536,-0.968,0.000,0.000,0,0
15337,153546,-0.956,0.000,0.000,0,0
15338,153556,-0.946,0.000,0.000,0,0
15339,153566,-0.940,0.000,0.000,0,0
15340,153576,-0.929,0.000,0.000,0,0
15341,153586,-0.913,0.000,0.000,0,0
15342,153596,-0.898,0.000,0.000,0,0
15343,153606,-0.883,0.000,0.000,0,0
15344,153616,-0.885,0.000,0.000,0,0
15345,153626,-0.883,0.000,0.000,0,0
15346,153636,-0.880,0.000,0.000,0,0
15347,153646,-0.882,0.000,0.000,0,0
15348,153656,-0.881,0.000,0.000,0,0
15349,153666,-0.883,0.000,0.000,0,0
15350,153676,-0.882,0.000,0.000,0,0
15351,153686,-0.887,0.000,0.000,0,0
15352,153696,-0.885,0.000,0.000,0,0
15353,153706,-0.878,0.000,0.000,0,0
15354,153716,-0.874,0.000,0.000,0,0
15355,153726,-0.860,0.000,0.000,0,0
15356,153736,-0.848,0.000,0.000,0,0
15357,153746,-0.837,0.000,0.000,0,0
15358,153756,-0.819,0.000,0.000,0,0
15359,153766,-0.800,0.000,0.000,0,0
15360,153776,-0.781,0.000,0.000,0,0
15361,153786,-0.754,0.000,0.000,0,0
15362,153796,-0.726,0.000,0.000,0,0
15363,153806,-0.693,0.000,0.000,0,0
15364,153816,-0.654,0.000,0.000,0,0
15365,153826,-0.616,0.000,0.000,0,0
15366,153836,-0.575,0.000,0.000,0,0
15367,153846,-0.538,0.000,0.000,0,0
15368,153856,-0.498,0.000,0.000,0,0
15369,153866,-0.456,0.000,0.000,0,0
15370,153876,-0.419,0.000,0.000,0,0
15371,153886,-0.384,0.000,0.000,0,0
15372,153896,-0.342,0.000,0.000,0,0
15373,153906,-0.297,0.000,0.000,0,0
15374,153916,-0.259,0.000,0.000,0,0
15375,153926,-0.213,0.000,0.000,0,0
15376,153936,-0.169,0.000,0.000,0,0
15377,153946,-0.134,0.000,0.000,0,0
15378,153956,-0.097,0.000,0.000,0,0
15379,153966,-0.059,0.000,0.000,0,0
15380,153976,-0.024,0.000,0.000,0,0
15381,153986,0.020,0.000,0.000,0,0
15382,153996,0.059,0.000,0.000,0,0
15383,154006,0.098,0.000,0.000,0,0
15384,154016,0.136,0.000,0.000,0,0
15385,154026,0.172,0.000,0.000,0,0
15386,154036,0.220,0.000,0.000,0,0
15387,154046,0.265,0.000,0.000,0,0
15388,154056,0.313,0.000,0.000,0,0
15389,154066,0.350,0.000,0.000,0,0
15390,154076,0.394,0.000,0.000,0,0
15391,154086,0.442,0.000,0.000,0,0
15392,154096,0.490,0.000,0.000,0,0
15393,154106,0.534,0.000,0.000,0,0
15394,154116,0.584,0.000,0.000,0,0
15395,154126,0.644,0.000,0.000,0,0
15396,154136,0.701,0.000,0.000,0,0
15397,154146,0.756,0.000,0.000,0,0
15398,154156,0.816,0.000,0.000,0,0
15399,154166,0.878,0.000,0.000,0,0
15400,154176,0.947,0.000,0.000,0,0
15401,154186,1.019,0.000,0.000,0,0
15402,154196,1.090,0.000,0.000,0,0
15403,154206,1.166,0.000,0.000,0,0
15404,154216,1.244,0.000,0.000,0,0
15405,154226,1.324,0.000,0.000,0,0
15406,154236,1.413,0.000,0.000,0,0
15407,154246,1.501,0.000,0.000,0,0
15408,154256,1.593,0.000,0.000,0,0
15409,154266,1.693,0.000,0.000,0,0
15410,154276,1.794,0.000,0.000,0,0
15411,154286,1.901,0.000,0.000,0,0
15412,154296,2.023,0.000,0.000,0,0
15413,154306,2.145,0.000,0.000,0,0
15414,154316,2.271,0.000,0.000,0,0
15415,154326,2.413,0.000,0.000,0,0
15416,154336,2.557,0.000,0.000,0,0
15417,154346,2.706,0.000,0.000,0,0
15418,154356,2.866,0.000,0.000,0,0
15419,154366,3.039,0.000,0.000,0,0
15420,154376,3.219,0.000,0.000,0,0
15421,154386,3.412,0.000,0.000,0,0
15422,154396,3.618,0.000,0.000,0,0
15423,154406,3.836,0.000,0.000,0,0
15424,154416,4.065,0.000,0.000,0,0
15425,154426,4.306,0.000,0.000,0,0
15426,154436,4.566,0.000,0.000,0,0
15427,154446,4.837,0.000,0.000,0,0
15428,154456,5.132,0.000,0.000,0,0
15429,154466,5.447,0.000,0.000,0,0
15430,154476,5.783,0.000,0.000,0,0
15431,154486,6.137,0.000,0.000,0,0
15432,154496,6.508,0.000,0.000,0,0
15433,154506,6.905,0.000,0.000,0,0
15434,154516,7.325,0.000,0.000,0,0
15435,154526,7.767,0.000,0.000,0,0
15436,154536,8.262,0.000,0.000,0,0
15437,154546,8.781,0.000,0.000,0,0
15438,154556,9.344,0.000,0.000,0,0
15439,154566,9.952,0.000,0.000,0,0
15440,154576,10.595,0.000,0.000,0,0
15441,154586,11.261,0.000,0.000,0,0
15442,154596,11.784,0.000,0.000,0,0
15443,154606,12.596,0.000,0.000,0,0
15444,154616,13.490,0.000,0.000,0,0
15445,154626,14.235,0.000,0.000,0,0
15446,154636,14.992,0.000,0.000,0,0
15447,154646,15.833,0.000,0.000,0,0
15448,154656,16.725,0.000,0.000,0,0
15449,154666,17.665,0.000,0.000,0,0
15450,154676,18.640,0.000,0.000,0,0
15451,154686,19.666,0.000,0.000,0,0
15452,154696,20.761,0.000,0.000,0,0
15453,154706,21.908,0.000,0.000,0,0
15454,154716,23.108,0.000,0.000,0,0
15455,154726,24.402,0.000,0.000,0,0
15456,154736,25.782,0.000,0.000,0,0
15457,154746,27.201,0.000,0.000,0,0
15458,154756,28.691,0.000,0.000,0,0
15459,154766,30.263,0.000,0.000,0,0
15460,154776,32.005,0.000,0.000,0,0
15461,154786,33.830,0.000,0.000,0,0
15462,154796,35.765,0.000,0.000,0,0
15463,154806,37.829,0.000,0.000,0,0
15464,154816,39.991,0.000,0.000,0,0
15465,154826,42.283,0.000,0.000,0,0
15466,154836,44.568,0.000,0.000,0,0
15467,154846,46.850,0.000,0.000,0,0
15468,154856,49.126,0.000,0.000,0,0
15469,154866,51.388,0.000,0.000,0,0
15470,154876,53.669,0.000,0.000,0,0
15471,154886,55.943,0.000,0.000,0,0
15472,154896,58.251,0.000,0.000,0,0
15473,154906,60.482,0.000,0.000,0,0
15474,154916,62.663,0.000,0.000,0,0
15475,154926,65.089,0.000,0.000,0,0
15476,154936,67.598,0.000,0.000,0,0
15477,154946,70.640,0.000,0.000,0,0
15478,154956,72.326,0.000,0.000,0,0
15479,154966,72.024,0.000,99.940,0,0
15480,154976,71.071,0.000,0.000,0,0
15481,154986,69.893,0.000,0.000,0,0
15482,154996,68.929,0.000,0.000,0,0
15483,155006,65.947,0.000,0.000,0,0
15484,155016,64.561,0.000,0.000,0,0
15485,155026,64.032,0.000,0.000,0,0
15486,155036,62.589,0.000,0.000,0,0
15487,155046,63.606,0.000,0.000,0,0
15488,155056,64.500,0.000,0.000,0,0
15489,155066,64.807,0.000,0.000,0,0
15490,155076,62.459,0.000,0.000,0,0
15491,155086,63.675,0.000,0.000,0,0
15492,155096,65.140,0.000,0.000,0,0
15493,155106,65.731,0.000,0.000,0,0
15494,155116,66.469,0.000,0.000,0,0
15495,155126,67.239,0.000,-99.930,0,0
15496,155136,67.775,0.000,0.000,0,0
15497,155146,68.160,0.000,0.000,0,0
15498,155156,68.226,0.000,0.000,0,0
15499,155166,68.251,0.000,0.000,0,0
15500,155176,68.327,0.000,0.000,0,0
15501,155186,68.371,0.000,0.000,0,0
15502,155196,68.438,0.000,0.000,0,0
15503,155206,68.498,0.000,0.000,0,0
15504,155216,68.632,0.000,0.000,0,0
15505,155226,68.905,0.000,0.000,0,0
15506,155236,69.253,0.000,0.000,0,0
15507,155246,69.550,0.000,0.000,0,0
15508,155256,69.754,0.000,0.000,0,0
15509,155266,69.901,0.000,0.000,0,0
15510,155276,70.007,0.000,0.000,0,0
15511,155286,70.073,0.000,0.000,0,0
15512,155296,70.162,0.000,0.000,0,0
15513,155306,70.317,0.000,0.000,0,0
15514,155316,70.505,0.000,0.000,0,0
15515,155326,70.675,0.000,0.000,0,0
15516,155336,70.819,0.000,0.000,0,0
15517,155346,70.963,0.000,0.000,0,0
15518,155356,71.093,0.000,0.000,0,0
15519,155366,71.220,0.000,0.000,0,0
15520,155376,71.352,0.000,0.000,0,0
15521,155386,71.488,0.000,0.000,0,0
15522,155396,71.645,0.000,0.000,0,0
15523,155406,71.779,0.000,0.000,0,0
15524,155416,71.890,0.000,0.000,0,0
15525,155426,72.009,0.000,0.000,0,0
15526,155436,72.108,0.000,0.000,0,0
15527,155446,72.210,0.000,0.000,0,0
15528,155456,72.329,0.000,0.000,0,0
15529,155466,72.440,0.000,0.000,0,0
15530,155476,72.521,0.000,0.000,0,0
15531,155486,72.619,0.000,0.000,0,0
15532,155496,72.703,0.000,0.000,0,0
15533,155506,72.810,0.000,0.000,0,0
15534,155516,72.934,0.000,0.000,0,0
15535,155526,73.047,0.000,0.000,0,0
15536,155536,73.141,0.000,0.000,0,0
15537,155546,73.232,0.000,0.000,0,0
15538,155556,73.314,0.000,0.000,0,0
15539,155566,73.415,0.000,0.000,0,0
15540,155576,73.514,0.000,0.000,0,0
15541,155586,73.611,0.000,0.000,0,0
15542,155596,73.694,0.000,0.000,0,0
15543,155606,73.781,0.000,0.000,0,0
15544,155616,73.864,0.000,0.000,0,0
15545,155626,73.934,0.000,0.000,0,0
15546,155636,74.001,0.000,0.000,0,0
15547,155646,74.068,0.000,0.000,0,0
15548,155656,74.136,0.000,0.000,0,0
15549,155666,74.207,0.000,0.000,0,0
15550,155676,74.271,0.000,0.000,0,0
15551,155686,74.340,0.000,0.000,0,0
15552,155696,74.401,0.000,0.000,0,0
15553,155706,74.475,0.000,0.000,0,0
15554,155716,74.560,0.000,0.000,0,0
15555,155726,74.626,0.000,0.000,0,0
15556,155736,74.690,0.000,0.000,0,0
15557,155746,74.764,0.000,0.000,0,0
15558,155756,74.832,0.000,0.000,0,0
15559,155766,74.893,0.000,0.000,0,0
15560,155776,74.953,0.000,0.000,0,0
15561,155786,75.002,0.000,0.000,0,0
15562,155796,75.057,0.000,0.000,0,0
15563,155806,75.105,0.000,0.000,0,0
15564,155816,75.170,0.000,0.000,0,0
15565,155826,75.209,0.000,0.000,0,0
15566,155836,75.243,0.000,0.000,0,0
15567,155846,75.287,0.000,0.000,0,0
15568,155856,75.341,0.000,0.000,0,0
15569,155866,75.392,0.000,0.000,0,0
15570,155876,75.444,0.000,0.000,0,0
15571,155886,75.489,0.000,0.000,0,0
15572,155896,75.533,0.000,0.000,0,0
15573,155906,75.565,0.000,0.000,0,0
15574,155916,75.598,0.000,0.000,0,0
15575,155926,75.610,0.000,0.000,0,0
15576,155936,75.600,0.000,0.000,0,0
15577,155946,75.574,0.000,0.000,0,0
15578,155956,75.554,0.000,0.000,0,0
15579,155966,75.521,0.000,0.000,0,0
15580,155976,75.491,0.000,0.000,0,0
15581,155986,75.452,0.000,0.000,0,0
15582,155996,75.379,0.000,0.000,0,0
15583,156006,75.272,0.000,0.000,0,0
15584,156016,75.120,0.000,0.000,0,0
15585,156026,74.920,0.000,0.000,0,0
15586,156036,74.693,0.000,0.000,0,0
15587,156046,74.530,0.000,0.000,0,0
15588,156056,74.360,0.000,0.000,0,0
15589,156066,74.163,0.000,0.000,0,0
15590,156076,73.990,0.000,0.000,0,0
15591,156086,73.855,0.000,0.000,0,0
15592,156096,73.724,0.000,0.000,0,0
15593,156106,73.559,0.000,0.000,0,0
15594,156116,73.396,0.000,0.000,0,0
15595,156126,73.220,0.000,0.000,0,0
15596,156136,73.026,0.000,0.000,0,0
15597,156146,72.797,0.000,0.000,0,0
15598,156156,72.556,0.000,0.000,0,0
15599,156166,72.299,0.000,0.000,0,0
15600,156176,72.018,0.000,0.000,0,0
15601,156186,71.731,0.000,0.000,0,0
15602,156196,71.451,0.000,0.000,0,0
15603,156206,71.144,0.000,0.000,0,0
15604,156216,70.811,0.000,0.000,0,0
15605,156226,70.471,0.000,0.000,0,0
15606,156236,70.099,0.000,0.000,0,0
15607,156246,69.688,0.000,0.000,0,0
15608,156256,69.271,0.000,0.000,0,0
15609,156266,68.841,0.000,0.000,0,0
15610,156276,68.386,0.000,0.000,0,0
15611,156286,67.919,0.000,0.000,0,0
15612,156296,67.425,0.000,0.000,0,0
15613,156306,66.905,0.000,0.000,0,0
15614,156316,66.353,0.000,0.000,0,0
15615,156326,65.789,0.000,0.000,0,0
15616,156336,65.226,0.000,0.000,0,0
15617,156346,64.656,0.000,0.000,0,0
15618,156356,64.075,0.000,0.000,0,0
15619,156366,63.487,0.000,0.000,0,0
15620,156376,62.888,0.000,0.000,0,0
15621,156386,62.294,0.000,0.000,0,0
15622,156396,61.711,0.000,0.000,0,0
15623,156406,61.119,0.000,0.000,0,0
15624,156416,60.540,0.000,0.000,0,0
15625,156426,59.955,0.000,0.000,0,0
15626,156436,59.357,0.000,0.000,0,0
15627,156446,58.751,0.000,0.000,0,0
15628,156456,58.136,0.000,0.000,0,0
15629,156466,57.516,0.000,0.000,0,0
15630,156476,56.889,0.000,0.000,0,0
15631,156486,56.255,0.000,0.000,0,0
15632,156496,55.662,0.000,0.000,0,0
15633,156506,55.049,0.000,0.000,0,0
15634,156516,54.410,0.000,0.000,0,0
15635,156526,53.800,0.000,0.000,0,0
15636,156536,53.169,0.000,0.000,0,0
15637,156546,52.535,0.000,0.000,0,0
15638,156556,51.890,0.000,0.000,0,0
15639,156566,51.222,0.000,0.000,0,0
15640,156576,50.542,0.000,0.000,0,0
15641,156586,49.849,0.000,0.000,0,0
15642,156596,49.153,0.000,0.000,0,0
15643,156606,48.465,0.000,0.000,0,0
15644,156616,47.775,0.000,0.000,0,0
15645,156626,47.095,0.000,0.000,0,0
15646,156636,46.419,0.000,0.000,0,0
15647,156646,45.746,0.000,0.000,0,0
15648,156656,45.096,0.000,0.000,0,0
15649,156666,44.452,0.000,0.000,0,0
15650,156676,43.809,0.000,0.000,0,0
15651,156686,43.177,0.000,0.000,0,0
15652,156696,42.547,0.000,0.000,0,0
15653,156706,41.945,0.000,0.000,0,0
15654,156716,41.354,0.000,0.000,0,0
15655,156726,40.759,0.000,0.000,0,0
15656,156736,40.194,0.000,0.000,0,0
15657,156746,39.556,0.000,0.000,0,0
15658,156756,38.910,0.000,0.000,0,0
15659,156766,38.332,0.000,0.000,0,0
15660,156776,37.825,0.000,0.000,0,0
15661,156786,37.299,0.000,0.000,0,0
15662,156796,36.785,0.000,0.000,0,0
15663,156806,36.292,0.000,0.000,0,0
15664,156816,35.782,0.000,0.000,0,0
15665,156826,35.265,0.000,0.000,0,0
15666,156836,34.762,0.000,0.000,0,0
15667,156846,34.274,0.000,0.000,0,0
15668,156856,33.785,0.000,0.000,0,0
15669,156866,33.314,0.000,0.000,0,0
15670,156876,32.860,0.000,0.000,0,0
15671,156886,32.395,0.000,0.000,0,0
15672,156896,31.946,0.000,0.000,0,0
15673,156906,31.495,0.000,0.000,0,0
15674,156916,31.039,0.000,0.000,0,0
15675,156926,30.578,0.000,0.000,0,0
15676,156936,30.119,0.000,0.000,0,0
15677,156946,29.661,0.000,0.000,0,0
15678,156956,29.200,0.000,0.000,0,0
15679,156966,28.749,0.000,0.000,0,0
15680,156976,28.303,0.000,0.000,0,0
15681,156986,27.860,0.000,0.000,0,0
15682,156996,27.426,0.000,0.000,0,0
15683,157006,26.998,0.000,0.000,0,0
15684,157016,26.572,0.000,0.000,0,0
15685,157026,26.159,0.000,0.000,0,0
15686,157036,25.715,0.000,0.000,0,0
15687,157046,25.241,0.000,0.000,0,0
15688,157056,24.735,0.000,0.000,0,0
15689,157066,24.219,0.000,0.000,0,0
15690,157076,23.718,0.000,0.000,0,0
15691,157086,23.216,0.000,0.000,0,0
15692,157096,22.708,0.000,0.000,0,0
15693,157106,22.155,0.000,0.000,0,0
15694,157116,21.587,0.000,0.000,0,0
15695,157126,21.095,0.000,0.000,0,0
15696,157136,20.648,0.000,0.000,0,0
15697,157146,20.165,0.000,0.000,0,0
15698,157156,19.705,0.000,0.000,0,0
15699,157166,19.253,0.000,0.000,0,0
15700,157176,18.808,0.000,0.000,0,0
15701,157186,18.365,0.000,0.000,0,0
15702,157196,17.932,0.000,0.000,0,0
15703,157206,17.491,0.000,0.000,0,0
15704,157216,17.062,0.000,0.000,0,0
15705,157226,16.627,0.000,0.000,0,0
15706,157236,16.213,0.000,0.000,0,0
15707,157246,15.807,0.000,0.000,0,0
15708,157256,15.431,0.000,0.000,0,0
15709,157266,15.066,0.000,0.000,0,0
15710,157276,14.729,0.000,0.000,0,0
15711,157286,14.414,0.000,0.000,0,0
15712,157296,14.105,0.000,0.000,0,0
15713,157306,13.784,0.000,0.000,0,0
15714,157316,13.456,0.000,0.000,0,0
15715,157326,13.109,0.000,0.000,0,0
15716,157336,12.762,0.000,0.000,0,0
15717,157346,12.421,0.000,0.000,0,0
15718,157356,12.096,0.000,0.000,0,0
15719,157366,11.806,0.000,0.000,0,0
15720,157376,11.538,0.000,0.000,0,0
15721,157386,11.303,0.000,0.000,0,0
15722,157396,11.089,0.000,0.000,0,0
15723,157406,10.872,0.000,0.000,0,0
15724,157416,10.639,0.000,0.000,0,0
15725,157426,10.385,0.000,0.000,0,0
15726,157436,10.096,0.000,0.000,0,0
15727,157446,9.774,0.000,0.000,0,0
15728,157456,9.511,0.000,0.000,0,0
15729,157466,9.222,0.000,0.000,0,0
15730,157476,8.967,0.000,0.000,0,0
15731,157486,8.736,0.000,0.000,0,0
15732,157496,8.525,0.000,0.000,0,0
15733,157506,8.312,0.000,0.000,0,0
15734,157516,8.098,0.000,0.000,0,0
15735,157526,7.882,0.000,0.000,0,0
15736,157536,7.655,0.000,0.000,0,0
15737,157546,7.426,0.000,0.000,0,0
15738,157556,7.190,0.000,0.000,0,0
15739,157566,6.949,0.000,0.000,0,0
15740,157576,6.699,0.000,0.000,0,0
15741,157586,6.452,0.000,0.000,0,0
15742,157596,6.201,0.000,0.000,0,0
15743,157606,5.939,0.000,0.000,0,0
15744,157616,5.673,0.000,0.000,0,0
15745,157626,5.410,0.000,0.000,0,0
15746,157636,5.142,0.000,0.000,0,0
15747,157646,4.879,0.000,0.000,0,0
15748,157656,4.603,0.000,0.000,0,0
15749,157666,4.342,0.000,0.000,0,0
15750,157676,4.087,0.000,0.000,0,0
15751,157686,3.845,0.000,0.000,0,0
15752,157696,3.612,0.000,0.000,0,0
15753,157706,3.389,0.000,0.000,0,0
15754,157716,3.169,0.000,0.000,0,0
15755,157726,2.951,0.000,0.000,0,0
15756,157736,2.739,0.000,0.000,0,0
15757,157746,2.510,0.000,0.000,0,0
15758,157756,2.271,0.000,0.000,0,0
15759,157766,2.029,0.000,0.000,0,0
15760,157776,1.780,0.000,0.000,0,0
15761,157786,1.538,0.000,0.000,0,0
15762,157796,1.301,0.000,0.000,0,0
15763,157806,1.085,0.000,0.000,0,0
15764,157816,0.867,0.000,0.000,0,0
15765,157826,0.661,0.000,0.000,0,0
15766,157836,0.450,0.000,0.000,0,0
15767,157846,0.228,0.000,0.000,0,0
15768,157856,0.011,0.000,0.000,0,0
15769,157866,-0.206,0.000,0.000,0,0
15770,157876,-0.416,0.000,0.000,0,0
15771,157886,-0.618,0.000,0.000,0,0
15772,157896,-0.838,0.000,0.000,0,0
15773,157906,-1.004,0.000,0.000,0,0
15774,157916,-1.218,0.000,0.000,0,0
15775,157926,-1.393,0.000,0.000,0,0
15776,157936,-1.580,0.000,0.000,0,0
15777,157946,-1.747,0.000,0.000,0,0
15778,157956,-1.917,0.000,0.000,0,0
15779,157966,-2.067,0.000,0.000,0,0
15780,157976,-2.220,0.000,0.000,0,0
15781,157986,-2.352,0.000,0.000,0,0
15782,157996,-2.488,0.000,0.000,0,0
15783,158006,-2.615,0.000,0.000,0,0
15784,158016,-2.738,0.000,0.000,0,0
15785,158026,-2.862,0.000,0.000,0,0
15786,158036,-2.987,0.000,0.000,0,0
15787,158046,-3.117,0.000,0.000,0,0
15788,158056,-3.246,0.000,0.000,0,0
15789,158066,-3.372,0.000,0.000,0,0
15790,158076,-3.495,0.000,0.000,0,0
15791,158086,-3.612,0.000,0.000,0,0
15792,158096,-3.718,0.000,0.000,0,0
15793,158106,-3.818,0.000,0.000,0,0
15794,158116,-3.914,0.000,0.000,0,0
15795,158126,-4.001,0.000,0.000,0,0
15796,158136,-4.078,0.000,0.000,0,0
15797,158146,-4.151,0.000,0.000,0,0
15798,158156,-4.242,0.000,0.000,0,0
15799,158166,-4.317,0.000,0.000,0,0
15800,158176,-4.379,0.000,0.000,0,0
15801,158186,-4.432,0.000,0.000,0,0
15802,158196,-4.486,0.000,0.000,0,0
15803,158206,-4.515,0.000,0.000,0,0
15804,158216,-4.535,0.000,0.000,0,0
15805,158226,-4.547,0.000,0.000,0,0
15806,158236,-4.551,0.000,0.000,0,0
15807,158246,-4.550,0.000,0.000,0,0
15808,158256,-4.542,0.000,0.000,0,0
15809,158266,-4.536,0.000,0.000,0,0
15810,158276,-4.524,0.000,0.000,0,0
15811,158286,-4.506,0.000,0.000,0,0
15812,158296,-4.492,0.000,0.000,0,0
15813,158306,-4.469,0.000,0.000,0,0
15814,158316,-4.445,0.000,0.000,0,0
15815,158326,-4.410,0.000,0.000,0,0
15816,158336,-4.364,0.000,0.000,0,0
15817,158346,-4.319,0.000,0.000,0,0
15818,158356,-4.271,0.000,0.000,0,0
15819,158366,-4.226,0.000,0.000,0,0
15820,158376,-4.187,0.000,0.000,0,0
15821,158386,-4.161,0.000,0.000,0,0
15822,158396,-4.130,0.000,0.000,0,0
15823,158406,-4.109,0.000,0.000,0,0
15824,158416,-4.086,0.000,0.000,0,0
15825,158426,-4.072,0.000,0.000,0,0
15826,158436,-4.057,0.000,0.000,0,0
15827,158446,-4.042,0.000,0.000,0,0
15828,158456,-4.031,0.000,0.000,0,0
15829,158466,-4.023,0.000,0.000,0,0
15830,158476,-4.013,0.000,0.000,0,0
15831,158486,-4.002,0.000,0.000,0,0
15832,158496,-3.995,0.000,0.000,0,0
15833,158506,-3.991,0.000,0.000,0,0
15834,158516,-3.991,0.000,0.000,0,0
15835,158526,-3.975,0.000,0.000,0,0
15836,158536,-3.964,0.000,0.000,0,0
15837,158546,-3.956,0.000,0.000,0,0
15838,158556,-3.951,0.000,0.000,0,0
15839,158566,-3.935,0.000,0.000,0,0
15840,158576,-3.911,0.000,0.000,0,0
15841,158586,-3.879,0.000,0.000,0,0
15842,158596,-3.845,0.000,0.000,0,0
15843,158606,-3.807,0.000,0.000,0,0
15844,158616,-3.765,0.000,0.000,0,0
15845,158626,-3.726,0.000,0.000,0,0
15846,158636,-3.688,0.000,0.000,0,0
15847,158646,-3.650,0.000,0.000,0,0
15848,158656,-3.619,0.000,0.000,0,0
15849,158666,-3.584,0.000,0.000,0,0
15850,158676,-3.553,0.000,0.000,0,0
15851,158686,-3.520,0.000,0.000,0,0
15852,158696,-3.487,0.000,0.000,0,0
15853,158706,-3.453,0.000,0.000,0,0
15854,158716,-3.427,0.000,0.000,0,0
15855,158726,-3.391,0.000,0.000,0,0
15856,158736,-3.350,0.000,0.000,0,0
15857,158746,-3.311,0.000,0.000,0,0
15858,158756,-3.265,0.000,0.000,0,0
15859,158766,-3.218,0.000,0.000,0,0
15860,158776,-3.176,0.000,0.000,0,0
15861,158786,-3.136,0.000,0.000,0,0
15862,158796,-3.099,0.000,0.000,0,0
15863,158806,-3.066,0.000,0.000,0,0
15864,158816,-3.033,0.000,0.000,0,0
15865,158826,-3.006,0.000,0.000,0,0
15866,158836,-2.979,0.000,0.000,0,0
15867,158846,-2.957,0.000,0.000,0,0
15868,158856,-2.928,0.000,0.000,0,0
15869,158866,-2.898,0.000,0.000,0,0
15870,158876,-2.868,0.000,0.000,0,0
15871,158886,-2.841,0.000,0.000,0,0
15872,158896,-2.805,0.000,0.000,0,0
15873,158906,-2.778,0.000,0.000,0,0
15874,158916,-2.743,0.000,0.000,0,0
15875,158926,-2.714,0.000,0.000,0,0
15876,158936,-2.690,0.000,0.000,0,0
15877,158946,-2.666,0.000,0.000,0,0
15878,158956,-2.639,0.000,0.000,0,0
15879,158966,-2.605,0.000,0.000,0,0
15880,158976,-2.579,0.000,0.000,0,0
15881,158986,-2.551,0.000,0.000,0,0
15882,158996,-2.521,0.000,0.000,0,0
15883,159006,-2.488,0.000,0.000,0,0
15884,159016,-2.449,0.000,0.000,0,0
15885,159026,-2.412,0.000,0.000,0,0
15886,159036,-2.366,0.000,0.000,0,0
15887,159046,-2.325,0.000,0.000,0,0
15888,159056,-2.286,0.000,0.000,0,0
15889,159066,-2.244,0.000,0.000,0,0
15890,159076,-2.199,0.000,0.000,0,0
15891,159086,-2.154,0.000,0.000,0,0
15892,159096,-2.104,0.000,0.000,0,0
15893,159106,-2.054,0.000,0.000,0,0
15894,159116,-2.000,0.000,0.000,0,0
15895,159126,-1.955,0.000,0.000,0,0
15896,159136,-1.904,0.000,0.000,0,0
15897,159146,-1.855,0.000,0.000,0,0
15898,159156,-1.812,0.000,0.000,0,0
15899,159166,-1.775,0.000,0.000,0,0
15900,159176,-1.735,0.000,0.000,0,0
15901,159186,-1.696,0.000,0.000,0,0
15902,159196,-1.657,0.000,0.000,0,0
15903,159206,-1.624,0.000,0.000,0,0
15904,159216,-1.597,0.000,0.000,0,0
15905,159226,-1.566,0.000,0.000,0,0
15906,159236,-1.540,0.000,0.000,0,0
15907,159246,-1.512,0.000,0.000,0,0
15908,159256,-1.497,0.000,0.000,0,0
15909,159266,-1.478,0.000,0.000,0,0
15910,159276,-1.462,0.000,0.000,0,0
15911,159286,-1.445,0.000,0.000,0,0
15912,159296,-1.431,0.000,0.000,0,0
15913,159306,-1.419,0.000,0.000,0,0
15914,159316,-1.404,0.000,0.000,0,0
15915,159326,-1.394,0.000,0.000,0,0
15916,159336,-1.375,0.000,0.000,0,0
15917,159346,-1.357,0.000,0.000,0,0
15918,159356,-1.341,0.000,0.000,0,0
15919,159366,-1.317,0.000,0.000,0,0
15920,159376,-1.290,0.000,0.000,0,0
15921,159386,-1.263,0.000,0.000,0,0
15922,159396,-1.233,0.000,0.000,0,0
15923,159406,-1.203,0.000,0.000,0,0
15924,159416,-1.183,0.000,0.000,0,0
15925,159426,-1.155,0.000,0.000,0,0
15926,159436,-1.136,0.000,0.000,0,0
15927,159446,-1.119,0.000,0.000,0,0
15928,159456,-1.089,0.000,0.000,0,0
15929,159466,-1.068,0.000,0.000,0,0
15930,159476,-1.044,0.000,0.000,0,0
15931,159486,-1.036,0.000,0.000,0,0
15932,159496,-1.016,0.000,0.000,0,0
15933,159506,-1.000,0.000,0.000,0,0
15934,159516,-0.979,0.000,0.000,0,0
15935,159526,-0.962,0.000,0.000,0,0
15936,159536,-0.948,0.000,0.000,0,0
15937,159546,-0.931,0.000,0.000,0,0
15938,159556,-0.917,0.000,0.000,0,0
15939,159566,-0.906,0.000,0.000,0,0
15940,159576,-0.891,0.000,0.000,0,0
15941,159586,-0.879,0.000,0.000,0,0
15942,159596,-0.866,0.000,0.000,0,0
15943,159606,-0.859,0.000,0.000,0,0
15944,159616,-0.852,0.000,0.000,0,0
15945,159626,-0.845,0.000,0.000,0,0
15946,159636,-0.834,0.000,0.000,0,0
15947,159646,-0.823,0.000,0.000,0,0
15948,159656,-0.817,0.000,0.000,0,0
15949,159666,-0.816,0.000,0.000,0,0
15950,159676,-0.808,0.000,0.000,0,0
15951,159686,-0.805,0.000,0.000,0,0
15952,159696,-0.804,0.000,0.000,0,0
15953,159706,-0.807,0.000,0.000,0,0
15954,159716,-0.809,0.000,0.000,0,0
15955,159726,-0.816,0.000,0.000,0,0
15956,159736,-0.818,0.000,0.000,0,0
15957,159746,-0.823,0.000,0.000,0,0
15958,159756,-0.834,0.000,0.000,0,0
15959,159766,-0.841,0.000,0.000,0,0
15960,159776,-0.848,0.000,0.000,0,0
15961,159786,-0.859,0.000,0.000,0,0
15962,159796,-0.873,0.000,0.000,0,0
15963,159806,-0.879,0.000,0.000,0,0
15964,159816,-0.883,0.000,0.000,0,0
15965,159826,-0.880,0.000,0.000,0,0
15966,159836,-0.881,0.000,0.000,0,0
15967,159846,-0.873,0.000,0.000,0,0
15968,159856,-0.864,0.000,0.000,0,0
15969,159866,-0.855,0.000,0.000,0,0
15970,159876,-0.843,0.000,0.000,0,0
15971,159886,-0.825,0.000,0.000,0,0
15972,159896,-0.812,0.000,0.000,0,0
15973,159906,-0.792,0.000,0.000,0,0
15974,159916,-0.777,0.000,0.000,0,0
15975,159926,-0.761,0.000,0.000,0,0
15976,159936,-0.745,0.000,0.000,0,0
15977,159946,-0.734,0.000,0.000,0,0
15978,159956,-0.723,0.000,0.000,0,0
15979,159966,-0.712,0.000,0.000,0,0
15980,159976,-0.697,0.000,0.000,0,0
15981,159986,-0.681,0.000,0.000,0,0
15982,159996,-0.669,0.000,0.000,0,0
15983,160006,-0.656,0.000,0.000,0,0
15984,160016,-0.648,0.000,0.000,0,0
15985,160026,-0.631,0.000,0.000,0,0
15986,160036,-0.616,0.000,0.000,0,0
15987,160046,-0.596,0.000,0.000,0,0
15988,160056,-0.580,0.000,0.000,0,0
15989,160066,-0.560,0.000,0.000,0,0
15990,160076,-0.537,0.000,0.000,0,0
15991,160086,-0.525,0.000,0.000,0,0
15992,160096,-0.509,0.000,0.000,0,0
15993,160106,-0.496,0.000,0.000,0,0
15994,160116,-0.484,0.000,0.000,0,0
15995,160126,-0.469,0.000,0.000,0,0
15996,160136,-0.458,0.000,0.000,0,0
15997,160146,-0.450,0.000,0.000,0,0
15998,160156,-0.440,0.000,0.000,0,0
15999,160166,-0.431,0.000,0.000,0,0
16000,160176,-0.422,0.000,0.000,0,0
16001,160186,-0.412,0.000,0.000,0,0
16002,160196,-0.408,0.000,0.000,0,0
16003,160206,-0.398,0.000,0.000,0,0
16004,160216,-0.393,0.000,0.000,0,0
16005,160226,-0.395,0.000,0.000,0,0
16006,160236,-0.389,0.000,0.000,0,0
16007,160246,-0.392,0.000,0.000,0,0
16008,160256,-0.387,0.000,0.000,0,0
16009,160266,-0.385,0.000,0.000,0,0
16010,160276,-0.386,0.000,0.000,0,0
16011,160286,-0.382,0.000,0.000,0,0
16012,160296,-0.381,0.000,0.000,0,0
16013,160306,-0.380,0.000,0.000,0,0
16014,160316,-0.380,0.000,0.000,0,0
16015,160326,-0.379,0.000,0.000,0,0
16016,160336,-0.370,0.000,0.000,0,0
16017,160346,-0.365,0.000,0.000,0,0
16018,160356,-0.353,0.000,0.000,0,0
16019,160366,-0.337,0.000,0.000,0,0
16020,160376,-0.330,0.000,0.000,0,0
16021,160386,-0.319,0.000,0.000,0,0
16022,160396,-0.308,0.000,0.000,0,0
16023,160406,-0.295,0.000,0.000,0,0
16024,160416,-0.278,0.000,0.000,0,0
16025,160426,-0.253,0.000,0.000,0,0
16026,160436,-0.228,0.000,0.000,0,0
16027,160446,-0.201,0.000,0.000,0,0
16028,160456,-0.181,0.000,0.000,0,0
16029,160466,-0.156,0.000,0.000,0,0
16030,160476,-0.123,0.000,0.000,0,0
16031,160486,-0.089,0.000,0.000,0,0
16032,160496,-0.060,0.000,0.000,0,0
16033,160506,-0.020,0.000,0.000,0,0
16034,160516,0.019,0.000,0.000,0,0
16035,160526,0.052,0.000,0.000,0,0
16036,160536,0.094,0.000,0.000,0,0
16037,160546,0.133,0.000,0.000,0,0
16038,160556,0.176,0.000,0.000,0,0
16039,160566,0.222,0.000,0.000,0,0
16040,160576,0.265,0.000,0.000,0,0
16041,160586,0.310,0.000,0.000,0,0
16042,160596,0.360,0.000,0.000,0,0
16043,160606,0.411,0.000,0.000,0,0
16044,160616,0.455,0.000,0.000,0,0
16045,160626,0.498,0.000,0.000,0,0
16046,160636,0.538,0.000,0.000,0,0
16047,160646,0.572,0.000,0.000,0,0
16048,160656,0.605,0.000,0.000,0,0
16049,160666,0.629,0.000,0.000,0,0
16050,160676,0.650,0.000,0.000,0,0
16051,160686,0.663,0.000,0.000,0,0
16052,160696,0.669,0.000,0.000,0,0
16053,160706,0.661,0.000,0.000,0,0
16054,160716,0.651,0.000,0.000,0,0
16055,160726,0.637,0.000,0.000,0,0
16056,160736,0.616,0.000,0.000,0,0
16057,160746,0.585,0.000,0.000,0,0
16058,160756,0.553,0.000,0.000,0,0
16059,160766,0.523,0.000,0.000,0,0
16060,160776,0.495,0.000,0.000,0,0
16061,160786,0.456,0.000,0.000,0,0
16062,160796,0.417,0.000,0.000,0,0
16063,160806,0.379,0.000,0.000,0,0
16064,160816,0.344,0.000,0.000,0,0
16065,160826,0.308,0.000,0.000,0,0
16066,160836,0.277,0.000,0.000,0,0
16067,160846,0.253,0.000,0.000,0,0
16068,160856,0.230,0.000,0.000,0,0
16069,160866,0.207,0.000,0.000,0,0
16070,160876,0.178,0.000,0.000,0,0
16071,160886,0.162,0.000,0.000,0,0
16072,160896,0.146,0.000,0.000,0,0
16073,160906,0.130,0.000,0.000,0,0
16074,160916,0.118,0.000,0.000,0,0
16075,160926,0.115,0.000,0.000,0,0
16076,160936,0.111,0.000,0.000,0,0
16077,160946,0.112,0.000,0.000,0,0
16078,160956,0.114,0.000,0.000,0,0
16079,160966,0.124,0.000,0.000,0,0
16080,160976,0.129,0.000,0.000,0,0
16081,160986,0.140,0.000,0.000,0,0
16082,160996,0.151,0.000,0.000,0,0
16083,161006,0.163,0.000,0.000,0,0
16084,161016,0.177,0.000,0.000,0,0
16085,161026,0.183,0.000,0.000,0,0
16086,161036,0.194,0.000,0.000,0,0
16087,161046,0.209,0.000,0.000,0,0
16088,161056,0.225,0.000,0.000,0,0
16089,161066,0.237,0.000,0.000,0,0
16090,161076,0.253,0.000,0.000,0,0
16091,161086,0.265,0.000,0.000,0,0
16092,161096,0.280,0.000,0.000,0,0
16093,161106,0.295,0.000,0.000,0,0
16094,161116,0.309,0.000,0.000,0,0
16095,161126,0.324,0.000,0.000,0,0
16096,161136,0.328,0.000,0.000,0,0
16097,161146,0.338,0.000,0.000,0,0
16098,161156,0.348,0.000,0.000,0,0
16099,161166,0.354,0.000,0.000,0,0
16100,161176,0.357,0.000,0.000,0,0
16101,161186,0.363,0.000,0.000,0,0
16102,161196,0.362,0.000,0.000,0,0
16103,161206,0.362,0.000,0.000,0,0
16104,161216,0.363,0.000,0.000,0,0
16105,161226,0.375,0.000,0.000,0,0
16106,161236,0.386,0.000,0.000,0,0
16107,161246,0.401,0.000,0.000,0,0
16108,161256,0.411,0.000,0.000,0,0
16109,161266,0.428,0.000,0.000,0,0
16110,161276,0.444,0.000,0.000,0,0
16111,161286,0.457,0.000,0.000,0,0
16112,161296,0.474,0.000,0.000,0,0
16113,161306,0.486,0.000,0.000,0,0
16114,161316,0.498,0.000,0.000,0,0
16115,161326,0.506,0.000,0.000,0,0
16116,161336,0.510,0.000,0.000,0,0
16117,161346,0.508,0.000,0.000,0,0
16118,161356,0.507,0.000,0.000,0,0
16119,161366,0.502,0.000,0.000,0,0
16120,161376,0.504,0.000,0.000,0,0
16121,161386,0.504,0.000,0.000,0,0
16122,161396,0.503,0.000,0.000,0,0
16123,161406,0.513,0.000,0.000,0,0
16124,161416,0.517,0.000,0.000,0,0
16125,161426,0.540,0.000,0.000,0,0
16126,161436,0.544,0.000,0.000,0,0
16127,161446,0.555,0.000,0.000,0,0
16128,161456,0.568,0.000,0.000,0,0
16129,161466,0.581,0.000,0.000,0,0
16130,161476,0.595,0.000,0.000,0,0
16131,161486,0.613,0.000,0.000,0,0
16132,161496,0.625,0.000,0.000,0,0
16133,161506,0.640,0.000,0.000,0,0
16134,161516,0.643,0.000,0.000,0,0
16135,161526,0.646,0.000,0.000,0,0
16136,161536,0.649,0.000,0.000,0,0
16137,161546,0.643,0.000,0.000,0,0
16138,161556,0.631,0.000,0.000,0,0
16139,161566,0.625,0.000,0.000,0,0
16140,161576,0.615,0.000,0.000,0,0
16141,161586,0.609,0.000,0.000,0,0
16142,161596,0.596,0.000,0.000,0,0
16143,161606,0.583,0.000,0.000,0,0
16144,161616,0.570,0.000,0.000,0,0
16145,161626,0.553,0.000,0.000,0,0
16146,161636,0.537,0.000,0.000,0,0
16147,161646,0.522,0.000,0.000,0,0
16148,161656,0.506,0.000,0.000,0,0
16149,161666,0.493,0.000,0.000,0,0
16150,161676,0.489,0.000,0.000,0,0
16151,161686,0.480,0.000,0.000,0,0
16152,161696,0.475,0.000,0.000,0,0
16153,161706,0.479,0.000,0.000,0,0
16154,161716,0.487,0.000,0.000,0,0
16155,161726,0.496,0.000,0.000,0,0
16156,161736,0.510,0.000,0.000,0,0
16157,161746,0.534,0.000,0.000,0,0
16158,161756,0.548,0.000,0.000,0,0
16159,161766,0.569,0.000,0.000,0,0
16160,161776,0.584,0.000,0.000,0,0
16161,161786,0.591,0.000,0.000,0,0
16162,161796,0.605,0.000,0.000,0,0
16163,161806,0.611,0.000,0.000,0,0
16164,161816,0.619,0.000,0.000,0,0
16165,161826,0.617,0.000,0.000,0,0
16166,161836,0.608,0.000,0.000,0,0
16167,161846,0.599,0.000,0.000,0,0
16168,161856,0.600,0.000,0.000,0,0
16169,161866,0.590,0.000,0.000,0,0
16170,161876,0.582,0.000,0.000,0,0
16171,161886,0.574,0.000,0.000,0,0
16172,161896,0.570,0.000,0.000,0,0
16173,161906,0.564,0.000,0.000,0,0
16174,161916,0.560,0.000,0.000,0,0
16175,161926,0.553,0.000,0.000,0,0
16176,161936,0.554,0.000,0.000,0,0
16177,161946,0.561,0.000,0.000,0,0
16178,161956,0.568,0.000,0.000,0,0
16179,161966,0.579,0.000,0.000,0,0
16180,161976,0.588,0.000,0.000,0,0
16181,161986,0.601,0.000,0.000,0,0
16182,161996,0.614,0.000,0.000,0,0
16183,162006,0.631,0.000,0.000,0,0
16184,162016,0.660,0.000,0.000,0,0
16185,162026,0.694,0.000,0.000,0,0
16186,162036,0.727,0.000,0.000,0,0
16187,162046,0.763,0.000,0.000,0,0
16188,162056,0.800,0.000,0.000,0,0
16189,162066,0.837,0.000,0.000,0,0
16190,162076,0.878,0.000,0.000,0,0
16191,162086,0.924,0.000,0.000,0,0
16192,162096,0.967,0.000,0.000,0,0
16193,162106,1.009,0.000,0.000,0,0
16194,162116,1.049,0.000,0.000,0,0
16195,162126,1.103,0.000,0.000,0,0
16196,162136,1.158,0.000,0.000,0,0
16197,162146,1.216,0.000,0.000,0,0
16198,162156,1.279,0.000,0.000,0,0
16199,162166,1.339,0.000,0.000,0,0
16200,162176,1.407,0.000,0.000,0,0
16201,162186,1.480,0.000,0.000,0,0
16202,162196,1.553,0.000,0.000,0,0
16203,162206,1.636,0.000,0.000,0,0
16204,162216,1.730,0.000,0.000,0,0
16205,162226,1.827,0.000,0.000,0,0
16206,162236,1.921,0.000,0.000,0,0
16207,162246,2.028,0.000,0.000,0,0
16208,162256,2.144,0.000,0.000,0,0
16209,162266,2.259,0.000,0.000,0,0
16210,162276,2.375,0.000,0.000,0,0
16211,162286,2.502,0.000,0.000,0,0
16212,162296,2.646,0.000,0.000,0,0
16213,162306,2.792,0.000,0.000,0,0
16214,162316,2.947,0.000,0.000,0,0
16215,162326,3.115,0.000,0.000,0,0
16216,162336,3.289,0.000,0.000,0,0
16217,162346,3.476,0.000,0.000,0,0
16218,162356,3.675,0.000,0.000,0,0
16219,162366,3.887,0.000,0.000,0,0
16220,162376,4.107,0.000,0.000,0,0
16221,162386,4.338,0.000,0.000,0,0
16222,162396,4.587,0.000,0.000,0,0
16223,162406,4.858,0.000,0.000,0,0
16224,162416,5.148,0.000,0.000,0,0
16225,162426,5.464,0.000,0.000,0,0
16226,162436,5.787,0.000,0.000,0,0
16227,162446,6.134,0.000,0.000,0,0
16228,162456,6.502,0.000,0.000,0,0
16229,162466,6.888,0.000,0.000,0,0
16230,162476,7.306,0.000,0.000,0,0
16231,162486,7.754,0.000,0.000,0,0
16232,162496,8.234,0.000,0.000,0,0
16233,162506,8.756,0.000,0.000,0,0
16234,162516,9.338,0.000,0.000,0,0
16235,162526,9.952,0.000,0.000,0,0
16236,162536,10.419,0.000,0.000,0,0
16237,162546,11.115,0.000,0.000,0,0
16238,162556,11.809,0.000,0.000,0,0
16239,162566,12.504,0.000,0.000,0,0
16240,162576,13.311,0.000,0.000,0,0
16241,162586,14.114,0.000,0.000,0,0
16242,162596,15.134,0.000,0.000,0,0
16243,162606,16.069,0.000,0.000,0,0
16244,162616,16.936,0.000,0.000,0,0
16245,162626,17.924,0.000,0.000,0,0
16246,162636,18.871,0.000,0.000,0,0
16247,162646,19.953,0.000,0.000,0,0
16248,162656,21.093,0.000,0.000,0,0
16249,162666,22.273,0.000,0.000,0,0
16250,162676,23.545,0.000,0.000,0,0
16251,162686,24.876,0.000,0.000,0,0
16252,162696,26.309,0.000,0.000,0,0
16253,162706,27.783,0.000,0.000,0,0
16254,162716,29.365,0.000,0.000,0,0
16255,162726,31.023,0.000,0.000,0,0
16256,162736,32.787,0.000,0.000,0,0
16257,162746,34.655,0.000,0.000,0,0
16258,162756,36.654,0.000,0.000,0,0
16259,162766,38.767,0.000,0.000,0,0
16260,162776,41.026,0.000,0.000,0,0
16261,162786,43.316,0.000,0.000,0,0
16262,162796,45.608,0.000,0.000,0,0
16263,162806,47.906,0.000,0.000,0,0
16264,162816,50.173,0.000,0.000,0,0
16265,162826,52.442,0.000,0.000,0,0
16266,162836,54.701,0.000,0.000,0,0
16267,162846,56.972,0.000,0.000,0,0
16268,162856,59.258,0.000,0.000,0,0
16269,162866,61.495,0.000,0.000,0,0
16270,162876,63.658,0.000,0.000,0,0
16271,162886,65.978,0.000,0.000,0,0
16272,162896,68.501,0.000,0.000,0,0
16273,162906,71.651,0.000,0.000,0,0
16274,162916,72.121,0.000,99.940,0,0
16275,162926,71.797,0.000,0.000,0,0
16276,162936,70.886,0.000,0.000,0,0
16277,162946,69.859,0.000,0.000,0,0
16278,162956,68.413,0.000,0.000,0,0
16279,162966,64.765,0.000,0.000,0,0
16280,162976,64.019,0.000,0.000,0,0
16281,162986,64.337,0.000,0.000,0,0
16282,162996,65.409,0.000,0.000,0,0
16283,163006,62.383,0.000,0.000,0,0
16284,163016,61.712,0.000,0.000,0,0
16285,163026,62.463,0.000,0.000,0,0
16286,163036,63.609,0.000,0.000,0,0
16287,163046,64.878,0.000,0.000,0,0
16288,163056,64.716,0.000,0.000,0,0
16289,163066,65.929,0.000,0.000,0,0
16290,163076,66.585,0.000,0.000,0,0
16291,163086,67.093,0.000,0.000,0,0
16292,163096,67.530,0.000,0.000,0,0
16293,163106,67.703,0.000,0.000,0,0
16294,163116,67.677,0.000,0.000,0,0
16295,163126,67.469,0.000,0.000,0,0
16296,163136,67.440,0.000,0.000,0,0
16297,163146,67.546,0.000,0.000,0,0
16298,163156,67.690,0.000,0.000,0,0
16299,163166,67.882,0.000,0.000,0,0
16300,163176,68.133,0.000,0.000,0,0
16301,163186,68.424,0.000,0.000,0,0
16302,163196,68.759,0.000,0.000,0,0
16303,163206,69.027,0.000,0.000,0,0
16304,163216,69.234,0.000,0.000,0,0
16305,163226,69.359,0.000,0.000,0,0
16306,163236,69.453,0.000,0.000,0,0
16307,163246,69.556,0.000,0.000,0,0
16308,163256,69.683,0.000,0.000,0,0
16309,163266,69.866,0.000,0.000,0,0
16310,163276,70.067,0.000,0.000,0,0
16311,163286,70.265,0.000,0.000,0,0
16312,163296,70.422,0.000,0.000,0,0
16313,163306,70.568,0.000,0.000,0,0
16314,163316,70.736,0.000,0.000,0,0
16315,163326,70.914,0.000,0.000,0,0
16316,163336,71.058,0.000,0.000,0,0
16317,163346,71.227,0.000,0.000,0,0
16318,163356,71.386,0.000,0.000,0,0
16319,163366,71.513,0.000,0.000,0,0
16320,163376,71.631,0.000,0.000,0,0
16321,163386,71.739,0.000,0.000,0,0
16322,163396,71.857,0.000,0.000,0,0
16323,163406,71.979,0.000,0.000,0,0
16324,163416,72.102,0.000,0.000,0,0
16325,163426,72.216,0.000,0.000,0,0
16326,163436,72.315,0.000,0.000,0,0
16327,163446,72.413,0.000,0.000,0,0
16328,163456,72.525,0.000,0.000,0,0
16329,163466,72.649,0.000,0.000,0,0
16330,163476,72.770,0.000,0.000,0,0
16331,163486,72.893,0.000,0.000,0,0
16332,163496,72.998,0.000,0.000,0,0
16333,163506,73.100,0.000,0.000,0,0
16334,163516,73.212,0.000,0.000,0,0
16335,163526,73.316,0.000,0.000,0,0
16336,163536,73.417,0.000,0.000,0,0
16337,163546,73.512,0.000,0.000,0,0
16338,163556,73.593,0.000,0.000,0,0
16339,163566,73.681,0.000,0.000,0,0
16340,163576,73.769,0.000,0.000,0,0
16341,163586,73.845,0.000,0.000,0,0
16342,163596,73.924,0.000,0.000,0,0
16343,163606,74.006,0.000,0.000,0,0
16344,163616,74.086,0.000,0.000,0,0
16345,163626,74.163,0.000,0.000,0,0
16346,163636,74.252,0.000,0.000,0,0
16347,163646,74.332,0.000,0.000,0,0
16348,163656,74.417,0.000,0.000,0,0
16349,163666,74.506,0.000,0.000,0,0
16350,163676,74.585,0.000,0.000,0,0
16351,163686,74.651,0.000,0.000,0,0
16352,163696,74.723,0.000,0.000,0,0
16353,163706,74.788,0.000,0.000,0,0
16354,163716,74.862,0.000,0.000,0,0
16355,163726,74.936,0.000,0.000,0,0
16356,163736,75.003,0.000,0.000,0,0
16357,163746,75.073,0.000,0.000,0,0
16358,163756,75.138,0.000,0.000,0,0
16359,163766,75.211,0.000,0.000,0,0
16360,163776,75.267,0.000,0.000,0,0
16361,163786,75.319,0.000,0.000,0,0
16362,163796,75.370,0.000,0.000,0,0
16363,163806,75.423,0.000,0.000,0,0
16364,163816,75.481,0.000,0.000,0,0
16365,163826,75.519,0.000,0.000,0,0
16366,163836,75.571,0.000,0.000,0,0
16367,163846,75.621,0.000,0.000,0,0
16368,163856,75.657,0.000,0.000,0,0
16369,163866,75.710,0.000,0.000,0,0
16370,163876,75.770,0.000,0.000,0,0
16371,163886,75.812,0.000,0.000,0,0
16372,163896,75.856,0.000,0.000,0,0
16373,163906,75.904,0.000,0.000,0,0
16374,163916,75.959,0.000,0.000,0,0
16375,163926,76.005,0.000,0.000,0,0
16376,163936,76.054,0.000,0.000,0,0
16377,163946,76.099,0.000,0.000,0,0
16378,163956,76.141,0.000,0.000,0,0
16379,163966,76.188,0.000,0.000,0,0
16380,163976,76.230,0.000,0.000,0,0
16381,163986,76.277,0.000,0.000,0,0
16382,163996,76.302,0.000,0.000,0,0
16383,164006,76.335,0.000,0.000,0,0
16384,164016,76.357,0.000,0.000,0,0
16385,164026,76.397,0.000,0.000,0,0
16386,164036,76.427,0.000,0.000,0,0
16387,164046,76.448,0.000,0.000,0,0
16388,164056,76.487,0.000,0.000,0,0
16389,164066,76.516,0.000,0.000,0,0
16390,164076,76.562,0.000,0.000,0,0
16391,164086,76.605,0.000,0.000,0,0
16392,164096,76.652,0.000,0.000,0,0
16393,164106,76.691,0.000,0.000,0,0
16394,164116,76.716,0.000,0.000,0,0
16395,164126,76.740,0.000,0.000,0,0
16396,164136,76.775,0.000,0.000,0,0
16397,164146,76.807,0.000,0.000,0,0
16398,164156,76.831,0.000,0.000,0,0
16399,164166,76.865,0.000,0.000,0,0
16400,164176,76.897,0.000,0.000,0,0
16401,164186,76.917,0.000,0.000,0,0
16402,164196,76.942,0.000,0.000,0,0
16403,164206,76.964,0.000,0.000,0,0
16404,164216,76.982,0.000,0.000,0,0
16405,164226,77.009,0.000,0.000,0,0
16406,164236,77.038,0.000,0.000,0,0
16407,164246,77.061,0.000,0.000,0,0
16408,164256,77.078,0.000,0.000,0,0
16409,164266,77.108,0.000,0.000,0,0
16410,164276,77.130,0.000,0.000,0,0
16411,164286,77.154,0.000,0.000,0,0
16412,164296,77.184,0.000,0.000,0,0
16413,164306,77.211,0.000,0.000,0,0
16414,164316,77.224,0.000,0.000,0,0
16415,164326,77.251,0.000,0.000,0,0
16416,164336,77.263,0.000,0.000,0,0
16417,164346,77.275,0.000,0.000,0,0
16418,164356,77.292,0.000,0.000,0,0
16419,164366,77.315,0.000,0.000,0,0
16420,164376,77.328,0.000,0.000,0,0
16421,164386,77.336,0.000,0.000,0,0
16422,164396,77.355,0.000,0.000,0,0
16423,164406,77.382,0.000,0.000,0,0
16424,164416,77.390,0.000,0.000,0,0
16425,164426,77.404,0.000,0.000,0,0
16426,164436,77.427,0.000,0.000,0,0
16427,164446,77.443,0.000,0.000,0,0
16428,164456,77.454,0.000,0.000,0,0
16429,164466,77.465,0.000,0.000,0,0
16430,164476,77.484,0.000,0.000,0,0
16431,164486,77.503,0.000,0.000,0,0
16432,164496,77.512,0.000,0.000,0,0
16433,164506,77.524,0.000,0.000,0,0
16434,164516,77.544,0.000,0.000,0,0
16435,164526,77.560,0.000,0.000,0,0
16436,164536,77.589,0.000,0.000,0,0
16437,164546,77.608,0.000,0.000,0,0
16438,164556,77.625,0.000,0.000,0,0
16439,164566,77.627,0.000,0.000,0,0
16440,164576,77.637,0.000,0.000,0,0
16441,164586,77.635,0.000,0.000,0,0
16442,164596,77.621,0.000,0.000,0,0
16443,164606,77.631,0.000,0.000,0,0
16444,164616,77.669,0.000,0.000,0,0
16445,164626,77.657,0.000,0.000,0,0
16446,164636,77.677,0.000,0.000,0,0
16447,164646,77.700,0.000,0.000,0,0
16448,164656,77.706,0.000,0.000,0,0
16449,164666,77.715,0.000,0.000,0,0
16450,164676,77.724,0.000,0.000,0,0
16451,164686,77.750,0.000,0.000,0,0
16452,164696,77.759,0.000,0.000,0,0
16453,164706,77.774,0.000,0.000,0,0
16454,164716,77.794,0.000,0.000,0,0
16455,164726,77.785,0.000,0.000,0,0
16456,164736,77.754,0.000,0.000,0,0
16457,164746,77.723,0.000,0.000,0,0
16458,164756,77.659,0.000,0.000,0,0
16459,164766,77.561,0.000,0.000,0,0
16460,164776,77.443,0.000,0.000,0,0
16461,164786,77.328,0.000,0.000,0,0
16462,164796,77.090,0.000,0.000,0,0
16463,164806,76.759,0.000,0.000,0,0
16464,164816,76.434,0.000,0.000,0,0
16465,164826,76.086,0.000,0.000,0,0
16466,164836,75.673,0.000,0.000,0,0
16467,164846,75.190,0.000,0.000,0,0
16468,164856,74.632,0.000,0.000,0,0
16469,164866,73.989,0.000,0.000,0,0
16470,164876,73.281,0.000,0.000,0,0
16471,164886,72.550,0.000,0.000,0,0
16472,164896,71.811,0.000,0.000,0,0
16473,164906,71.121,0.000,0.000,0,0
16474,164916,70.480,0.000,0.000,0,0
16475,164926,69.860,0.000,0.000,0,0
16476,164936,69.262,0.000,0.000,0,0
16477,164946,68.683,0.000,0.000,0,0
16478,164956,68.111,0.000,0.000,0,0
16479,164966,67.555,0.000,0.000,0,0
16480,164976,67.030,0.000,0.000,0,0
16481,164986,66.462,0.000,0.000,0,0
16482,164996,65.844,0.000,0.000,0,0
16483,165006,65.188,0.000,0.000,0,0
16484,165016,64.524,0.000,0.000,0,0
16485,165026,63.850,0.000,0.000,0,0
16486,165036,63.187,0.000,0.000,0,0
16487,165046,62.527,0.000,0.000,0,0
16488,165056,61.848,0.000,0.000,0,0
16489,165066,61.161,0.000,0.000,0,0
16490,165076,60.453,0.000,0.000,0,0
16491,165086,59.713,0.000,0.000,0,0
16492,165096,58.950,0.000,0.000,0,0
16493,165106,58.139,0.000,0.000,0,0
16494,165116,57.292,0.000,0.000,0,0
16495,165126,56.412,0.000,0.000,0,0
16496,165136,55.501,0.000,0.000,0,0
16497,165146,54.586,0.000,0.000,0,0
16498,165156,53.665,0.000,0.000,0,0
16499,165166,52.749,0.000,0.000,0,0
16500,165176,51.824,0.000,0.000,0,0
16501,165186,50.924,0.000,0.000,0,0
16502,165196,50.030,0.000,0.000,0,0
16503,165206,49.152,0.000,0.000,0,0
16504,165216,48.311,0.000,0.000,0,0
16505,165226,47.464,0.000,0.000,0,0
16506,165236,46.637,0.000,0.000,0,0
16507,165246,45.835,0.000,0.000,0,0
16508,165256,45.056,0.000,0.000,0,0
16509,165266,44.300,0.000,0.000,0,0
16510,165276,43.501,0.000,0.000,0,0
16511,165286,42.712,0.000,0.000,0,0
16512,165296,41.904,0.000,0.000,0,0
16513,165306,41.099,0.000,0.000,0,0
16514,165316,40.311,0.000,0.000,0,0
16515,165326,39.550,0.000,0.000,0,0
16516,165336,38.829,0.000,0.000,0,0
16517,165346,38.140,0.000,0.000,0,0
16518,165356,37.496,0.000,0.000,0,0
16519,165366,36.864,0.000,0.000,0,0
16520,165376,36.275,0.000,0.000,0,0
16521,165386,35.662,0.000,0.000,0,0
16522,165396,34.984,0.000,0.000,0,0
16523,165406,34.341,0.000,0.000,0,0
16524,165416,33.770,0.000,0.000,0,0
16525,165426,33.227,0.000,0.000,0,0
16526,165436,32.670,0.000,0.000,0,0
16527,165446,32.105,0.000,0.000,0,0
16528,165456,31.508,0.000,0.000,0,0
16529,165466,30.901,0.000,0.000,0,0
16530,165476,30.394,0.000,0.000,0,0
16531,165486,29.827,0.000,0.000,0,0
16532,165496,29.288,0.000,0.000,0,0
16533,165506,28.748,0.000,0.000,0,0
16534,165516,28.205,0.000,0.000,0,0
16535,165526,27.665,0.000,0.000,0,0
16536,165536,27.126,0.000,0.000,0,0
16537,165546,26.563,0.000,0.000,0,0
16538,165556,26.002,0.000,0.000,0,0
16539,165566,25.451,0.000,0.000,0,0
16540,165576,24.916,0.000,0.000,0,0
16541,165586,24.413,0.000,0.000,0,0
16542,165596,23.939,0.000,0.000,0,0
16543,165606,23.485,0.000,0.000,0,0
16544,165616,23.051,0.000,0.000,0,0
16545,165626,22.632,0.000,0.000,0,0
16546,165636,22.216,0.000,0.000,0,0
16547,165646,21.816,0.000,0.000,0,0
16548,165656,21.408,0.000,0.000,0,0
16549,165666,21.008,0.000,0.000,0,0
16550,165676,20.613,0.000,0.000,0,0
16551,165686,20.200,0.000,0.000,0,0
16552,165696,19.779,0.000,0.000,0,0
16553,165706,19.356,0.000,0.000,0,0
16554,165716,18.932,0.000,0.000,0,0
16555,165726,18.500,0.000,0.000,0,0
16556,165736,18.064,0.000,0.000,0,0
16557,165746,17.622,0.000,0.000,0,0
16558,165756,17.179,0.000,0.000,0,0
16559,165766,16.740,0.000,0.000,0,0
16560,165776,16.281,0.000,0.000,0,0
16561,165786,15.798,0.000,0.000,0,0
16562,165796,15.310,0.000,0.000,0,0
16563,165806,14.816,0.000,0.000,0,0
16564,165816,14.327,0.000,0.000,0,0
16565,165826,13.849,0.000,0.000,0,0
16566,165836,13.390,0.000,0.000,0,0
16567,165846,12.943,0.000,0.000,0,0
16568,165856,12.507,0.000,0.000,0,0
16569,165866,12.069,0.000,0.000,0,0
16570,165876,11.640,0.000,0.000,0,0
16571,165886,11.204,0.000,0.000,0,0
16572,165896,10.760,0.000,0.000,0,0
16573,165906,10.320,0.000,0.000,0,0
16574,165916,9.866,0.000,0.000,0,0
16575,165926,9.415,0.000,-99.940,0,0
16576,165936,9.006,0.000,0.000,0,0
16577,165946,8.589,0.000,0.000,0,0
16578,165956,8.195,0.000,0.000,0,0
16579,165966,7.820,0.000,0.000,0,0
16580,165976,7.454,0.000,0.000,0,0
16581,165986,7.090,0.000,0.000,0,0
16582,165996,6.731,0.000,0.000,0,0
16583,166006,6.390,0.000,0.000,0,0
16584,166016,6.046,0.000,0.000,0,0
16585,166026,5.710,0.000,0.000,0,0
16586,166036,5.393,0.000,0.000,0,0
16587,166046,5.098,0.000,0.000,0,0
16588,166056,4.814,0.000,0.000,0,0
16589,166066,4.553,0.000,0.000,0,0
16590,166076,4.292,0.000,0.000,0,0
16591,166086,4.032,0.000,0.000,0,0
16592,166096,3.776,0.000,0.000,0,0
16593,166106,3.509,0.000,0.000,0,0
16594,166116,3.241,0.000,0.000,0,0
16595,166126,2.990,0.000,0.000,0,0
16596,166136,2.745,0.000,0.000,0,0
16597,166146,2.517,0.000,0.000,0,0
16598,166156,2.307,0.000,0.000,0,0
16599,166166,2.102,0.000,0.000,0,0
16600,166176,1.898,0.000,0.000,0,0
16601,166186,1.693,0.000,0.000,0,0
16602,166196,1.488,0.000,0.000,0,0
16603,166206,1.279,0.000,0.000,0,0
16604,166216,1.070,0.000,0.000,0,0
16605,166226,0.858,0.000,0.000,0,0
16606,166236,0.659,0.000,0.000,0,0
16607,166246,0.456,0.000,0.000,0,0
16608,166256,0.271,0.000,0.000,0,0
16609,166266,0.089,0.000,0.000,0,0
16610,166276,-0.080,0.000,0.000,0,0
16611,166286,-0.244,0.000,0.000,0,0
16612,166296,-0.403,0.000,0.000,0,0
16613,166306,-0.563,0.000,0.000,0,0
16614,166316,-0.727,0.000,0.000,0,0
16615,166326,-0.884,0.000,0.000,0,0
16616,166336,-1.021,0.000,0.000,0,0
16617,166346,-1.160,0.000,0.000,0,0
16618,166356,-1.285,0.000,0.000,0,0
16619,166366,-1.400,0.000,0.000,0,0
16620,166376,-1.507,0.000,0.000,0,0
16621,166386,-1.602,0.000,0.000,0,0
16622,166396,-1.697,0.000,0.000,0,0
16623,166406,-1.791,0.000,0.000,0,0
16624,166416,-1.889,0.000,0.000,0,0
16625,166426,-1.981,0.000,0.000,0,0
16626,166436,-2.066,0.000,0.000,0,0
16627,166446,-2.148,0.000,0.000,0,0
16628,166456,-2.211,0.000,0.000,0,0
16629,166466,-2.252,0.000,0.000,0,0
16630,166476,-2.285,0.000,0.000,0,0
16631,166486,-2.306,0.000,0.000,0,0
16632,166496,-2.316,0.000,0.000,0,0
16633,166506,-2.322,0.000,0.000,0,0
16634,166516,-2.333,0.000,0.000,0,0
16635,166526,-2.333,0.000,0.000,0,0
16636,166536,-2.222,0.000,0.000,0,0
16637,166546,-2.240,0.000,0.000,0,0
16638,166556,-2.163,0.000,0.000,0,0
16639,166566,-2.122,0.000,0.000,0,0
16640,166576,-2.064,0.000,0.000,0,0
16641,166586,-1.993,0.000,0.000,0,0
16642,166596,-1.926,0.000,0.000,0,0
16643,166606,-1.859,0.000,0.000,0,0
16644,166616,-1.790,0.000,0.000,0,0
16645,166626,-1.723,0.000,0.000,0,0
16646,166636,-1.669,0.000,0.000,0,0
16647,166646,-1.610,0.000,0.000,0,0
16648,166656,-1.554,0.000,0.000,0,0
16649,166666,-1.502,0.000,0.000,0,0
16650,166676,-1.440,0.000,0.000,0,0
16651,166686,-1.392,0.000,0.000,0,0
16652,166696,-1.335,0.000,0.000,0,0
16653,166706,-1.287,0.000,0.000,0,0
16654,166716,-1.242,0.000,0.000,0,0
16655,166726,-1.201,0.000,0.000,0,0
16656,166736,-1.153,0.000,0.000,0,0
16657,166746,-1.110,0.000,0.000,0,0
16658,166756,-1.069,0.000,0.000,0,0
16659,166766,-1.032,0.000,0.000,0,0
16660,166776,-0.997,0.000,0.000,0,0
16661,166786,-0.974,0.000,0.000,0,0
16662,166796,-0.953,0.000,0.000,0,0
16663,166806,-0.936,0.000,0.000,0,0
16664,166816,-0.918,0.000,0.000,0,0
16665,166826,-0.915,0.000,0.000,0,0
16666,166836,-0.904,0.000,0.000,0,0
16667,166846,-0.904,0.000,0.000,0,0
16668,166856,-0.896,0.000,0.000,0,0
16669,166866,-0.892,0.000,0.000,0,0
16670,166876,-0.889,0.000,0.000,0,0
16671,166886,-0.891,0.000,0.000,0,0
16672,166896,-0.898,0.000,0.000,0,0
16673,166906,-0.904,0.000,0.000,0,0
16674,166916,-0.910,0.000,0.000,0,0
16675,166926,-0.927,0.000,0.000,0,0
16676,166936,-0.937,0.000,0.000,0,0
16677,166946,-0.956,0.000,0.000,0,0
16678,166956,-0.973,0.000,0.000,0,0
16679,166966,-0.988,0.000,0.000,0,0
16680,166976,-1.011,0.000,0.000,0,0
16681,166986,-1.035,0.000,0.000,0,0
16682,166996,-1.055,0.000,0.000,0,0
16683,167006,-1.080,0.000,0.000,0,0
16684,167016,-1.110,0.000,0.000,0,0
16685,167026,-1.138,0.000,0.000,0,0
16686,167036,-1.162,0.000,0.000,0,0
16687,167046,-1.189,0.000,0.000,0,0
16688,167056,-1.220,0.000,0.000,0,0
16689,167066,-1.248,0.000,0.000,0,0
16690,167076,-1.271,0.000,0.000,0,0
16691,167086,-1.300,0.000,0.000,0,0
16692,167096,-1.320,0.000,0.000,0,0
16693,167106,-1.343,0.000,0.000,0,0
16694,167116,-1.369,0.000,0.000,0,0
16695,167126,-1.400,0.000,0.000,0,0
16696,167136,-1.430,0.000,0.000,0,0
16697,167146,-1.465,0.000,0.000,0,0
16698,167156,-1.496,0.000,0.000,0,0
16699,167166,-1.524,0.000,0.000,0,0
16700,167176,-1.544,0.000,0.000,0,0
16701,167186,-1.604,0.000,0.000,0,0
16702,167196,-1.604,0.000,0.000,0,0
16703,167206,-1.596,0.000,0.000,0,0
16704,167216,-1.585,0.000,0.000,0,0
16705,167226,-1.573,0.000,0.000,0,0
16706,167236,-1.548,0.000,0.000,0,0
16707,167246,-1.530,0.000,0.000,0,0
16708,167256,-1.491,0.000,0.000,0,0
16709,167266,-1.458,0.000,0.000,0,0
16710,167276,-1.408,0.000,0.000,0,0
16711,167286,-1.357,0.000,0.000,0,0
16712,167296,-1.303,0.000,0.000,0,0
16713,167306,-1.236,0.000,0.000,0,0
16714,167316,-1.171,0.000,0.000,0,0
16715,167326,-1.100,0.000,0.000,0,0
16716,167336,-1.025,0.000,0.000,0,0
16717,167346,-0.942,0.000,0.000,0,0
16718,167356,-0.868,0.000,0.000,0,0
16719,167366,-0.783,0.000,0.000,0,0
16720,167376,-0.702,0.000,0.000,0,0
16721,167386,-0.623,0.000,0.000,0,0
16722,167396,-0.552,0.000,0.000,0,0
16723,167406,-0.489,0.000,0.000,0,0
16724,167416,-0.425,0.000,0.000,0,0
16725,167426,-0.369,0.000,0.000,0,0
16726,167436,-0.309,0.000,0.000,0,0
16727,167446,-0.259,0.000,0.000,0,0
16728,167456,-0.211,0.000,0.000,0,0
16729,167466,-0.164,0.000,0.000,0,0
16730,167476,-0.118,0.000,0.000,0,0
16731,167486,-0.082,0.000,0.000,0,0
16732,167496,-0.049,0.000,0.000,0,0
16733,167506,-0.016,0.000,0.000,0,0
16734,167516,0.020,0.000,0.000,0,0
16735,167526,0.059,0.000,0.000,0,0
16736,167536,0.101,0.000,0.000,0,0
16737,167546,0.139,0.000,0.000,0,0
16738,167556,0.176,0.000,0.000,0,0
16739,167566,0.219,0.000,0.000,0,0
16740,167576,0.268,0.000,0.000,0,0
16741,167586,0.315,0.000,0.000,0,0
16742,167596,0.362,0.000,0.000,0,0
16743,167606,0.411,0.000,0.000,0,0
16744,167616,0.463,0.000,0.000,0,0
16745,167626,0.524,0.000,0.000,0,0
16746,167636,0.587,0.000,0.000,0,0
16747,167646,0.649,0.000,0.000,0,0
16748,167656,0.721,0.000,0.000,0,0
16749,167666,0.779,0.000,0.000,0,0
16750,167676,0.842,0.000,0.000,0,0
16751,167686,0.904,0.000,0.000,0,0
16752,167696,0.959,0.000,0.000,0,0
16753,167706,1.010,0.000,0.000,0,0
16754,167716,1.058,0.000,0.000,0,0
16755,167726,1.100,0.000,0.000,0,0
16756,167736,1.144,0.000,0.000,0,0
16757,167746,1.190,0.000,0.000,0,0
16758,167756,1.231,0.000,0.000,0,0
16759,167766,1.276,0.000,0.000,0,0
16760,167776,1.324,0.000,0.000,0,0
16761,167786,1.373,0.000,0.000,0,0
16762,167796,1.420,0.000,0.000,0,0
16763,167806,1.459,0.000,0.000,0,0
16764,167816,1.493,0.000,0.000,0,0
16765,167826,1.528,0.000,0.000,0,0
16766,167836,1.560,0.000,0.000,0,0
16767,167846,1.592,0.000,0.000,0,0
16768,167856,1.620,0.000,0.000,0,0
16769,167866,1.647,0.000,0.000,0,0
16770,167876,1.673,0.000,0.000,0,0
16771,167886,1.698,0.000,0.000,0,0
16772,167896,1.722,0.000,0.000,0,0
16773,167906,1.743,0.000,0.000,0,0
16774,167916,1.760,0.000,0.000,0,0
16775,167926,1.782,0.000,0.000,0,0
16776,167936,1.808,0.000,0.000,0,0
16777,167946,1.832,0.000,0.000,0,0
16778,167956,1.852,0.000,0.000,0,0
16779,167966,1.869,0.000,0.000,0,0
16780,167976,1.883,0.000,0.000,0,0
16781,167986,1.895,0.000,0.000,0,0
16782,167996,1.894,0.000,0.000,0,0
16783,168006,1.886,0.000,0.000,0,0
16784,168016,1.883,0.000,0.000,0,0
16785,168026,1.876,0.000,0.000,0,0
16786,168036,1.868,0.000,0.000,0,0
16787,168046,1.858,0.000,0.000,0,0
16788,168056,1.846,0.000,0.000,0,0
16789,168066,1.839,0.000,0.000,0,0
16790,168076,1.830,0.000,0.000,0,0
16791,168086,1.826,0.000,0.000,0,0
16792,168096,1.827,0.000,0.000,0,0
16793,168106,1.831,0.000,0.000,0,0
16794,168116,1.837,0.000,0.000,0,0
16795,168126,1.850,0.000,0.000,0,0
16796,168136,1.864,0.000,0.000,0,0
16797,168146,1.880,0.000,0.000,0,0
16798,168156,1.905,0.000,0.000,0,0
16799,168166,1.931,0.000,0.000,0,0
16800,168176,1.960,0.000,0.000,0,0
16801,168186,2.001,0.000,0.000,0,0
16802,168196,2.044,0.000,0.000,0,0
16803,168206,2.087,0.000,0.000,0,0
16804,168216,2.142,0.000,0.000,0,0
16805,168226,2.195,0.000,0.000,0,0
16806,168236,2.253,0.000,0.000,0,0
16807,168246,2.307,0.000,0.000,0,0
16808,168256,2.360,0.000,0.000,0,0
16809,168266,2.410,0.000,0.000,0,0
16810,168276,2.464,0.000,0.000,0,0
16811,168286,2.514,0.000,0.000,0,0
16812,168296,2.560,0.000,0.000,0,0
16813,168306,2.602,0.000,0.000,0,0
16814,168316,2.644,0.000,0.000,0,0
16815,168326,2.682,0.000,0.000,0,0
16816,168336,2.716,0.000,0.000,0,0
16817,168346,2.741,0.000,0.000,0,0
16818,168356,2.757,0.000,0.000,0,0
16819,168366,2.764,0.000,0.000,0,0
16820,168376,2.767,0.000,0.000,0,0
16821,168386,2.762,0.000,0.000,0,0
16822,168396,2.756,0.000,0.000,0,0
16823,168406,2.746,0.000,0.000,0,0
16824,168416,2.739,0.000,0.000,0,0
16825,168426,2.733,0.000,0.000,0,0
16826,168436,2.724,0.000,0.000,0,0
16827,168446,2.709,0.000,0.000,0,0
16828,168456,2.699,0.000,0.000,0,0
16829,168466,2.685,0.000,0.000,0,0
16830,168476,2.669,0.000,0.000,0,0
16831,168486,2.658,0.000,0.000,0,0
16832,168496,2.646,0.000,0.000,0,0
16833,168506,2.635,0.000,0.000,0,0
16834,168516,2.628,0.000,0.000,0,0
16835,168526,2.613,0.000,0.000,0,0
16836,168536,2.604,0.000,0.000,0,0
16837,168546,2.595,0.000,0.000,0,0
16838,168556,2.587,0.000,0.000,0,0
16839,168566,2.571,0.000,0.000,0,0
16840,168576,2.556,0.000,0.000,0,0
16841,168586,2.547,0.000,0.000,0,0
16842,168596,2.523,0.000,0.000,0,0
16843,168606,2.508,0.000,0.000,0,0
16844,168616,2.496,0.000,0.000,0,0
16845,168626,2.488,0.000,0.000,0,0
16846,168636,2.479,0.000,0.000,0,0
16847,168646,2.467,0.000,0.000,0,0
16848,168656,2.463,0.000,0.000,0,0
16849,168666,2.457,0.000,0.000,0,0
16850,168676,2.457,0.000,0.000,0,0
16851,168686,2.460,0.000,0.000,0,0
16852,168696,2.471,0.000,0.000,0,0
16853,168706,2.483,0.000,0.000,0,0
16854,168716,2.497,0.000,0.000,0,0
16855,168726,2.507,0.000,0.000,0,0
16856,168736,2.518,0.000,0.000,0,0
16857,168746,2.523,0.000,0.000,0,0
16858,168756,2.541,0.000,0.000,0,0
